target	material-key	source-path	source-sha256	output-sha256	processing
background.png	-	Virga inventory UI (generated)	-	E9E04C9B312F5FB78ADC4456421279E285E2F9C4BCF9A819B54B0CFB69C1000D	drawn in code by Virga; slot geometry from layout.yml
ender-chest-background.png	-	Virga Ender Chest UI (generated)	-	964A377C4BDF5813E903A781A03DC23851E4D1BBD390E5B87ED55D394AF737F3	drawn in code by Virga; slot geometry from theme.yml
assets/minecraft/diamond.png	minecraft:diamond	assets/minecraft/textures/item/diamond.png	090E559F01A34CBA76D1DE0E6473759A4F4AC0D6B40CB3EEC4FF22BCFD99ECAC	090E559F01A34CBA76D1DE0E6473759A4F4AC0D6B40CB3EEC4FF22BCFD99ECAC	copied unmodified
assets/minecraft/emerald.png	minecraft:emerald	assets/minecraft/textures/item/emerald.png	8E22095C909837F09E3298F6B54EE57B83D699A8B45F15AF1CA0FE378D785EEA	8E22095C909837F09E3298F6B54EE57B83D699A8B45F15AF1CA0FE378D785EEA	copied unmodified
assets/minecraft/iron_ingot.png	minecraft:iron_ingot	assets/minecraft/textures/item/iron_ingot.png	E05DCB912EDC23BDE5C35E103BC96BE11D466107DE33586B697826B1B436FF1D	E05DCB912EDC23BDE5C35E103BC96BE11D466107DE33586B697826B1B436FF1D	copied unmodified
assets/minecraft/gold_ingot.png	minecraft:gold_ingot	assets/minecraft/textures/item/gold_ingot.png	4C79AC3AAF09CE78C20AD6741AFE7112BECE7831E26E81AE73DDE5EEBD75EF0B	4C79AC3AAF09CE78C20AD6741AFE7112BECE7831E26E81AE73DDE5EEBD75EF0B	copied unmodified
assets/minecraft/coal.png	minecraft:coal	assets/minecraft/textures/item/coal.png	94F60184FBEF1A60572A50900144E637A2C35E59692EFE85343389E4BD688247	94F60184FBEF1A60572A50900144E637A2C35E59692EFE85343389E4BD688247	copied unmodified
assets/minecraft/stick.png	minecraft:stick	assets/minecraft/textures/item/stick.png	E9495C16BFB31E667E562F97CC072B2443C5AD9BC3721D874F20A91668592C01	E9495C16BFB31E667E562F97CC072B2443C5AD9BC3721D874F20A91668592C01	copied unmodified
assets/minecraft/apple.png	minecraft:apple	assets/minecraft/textures/item/apple.png	70CB443F84D93D772C59D5EB39D9565A9442E609A04F680C11982E3B24A48BF5	70CB443F84D93D772C59D5EB39D9565A9442E609A04F680C11982E3B24A48BF5	copied unmodified
assets/minecraft/golden_apple.png	minecraft:golden_apple	assets/minecraft/textures/item/golden_apple.png	5B6F16B65F5A7A5DD23A08A7074E7EC99212B071B18CFA953BDB5248AE9BAFB1	5B6F16B65F5A7A5DD23A08A7074E7EC99212B071B18CFA953BDB5248AE9BAFB1	copied unmodified
assets/minecraft/bread.png	minecraft:bread	assets/minecraft/textures/item/bread.png	95233D9998E5E3817B26315143208A7CDFDF1F8F4327F460998187E1DF329DA1	95233D9998E5E3817B26315143208A7CDFDF1F8F4327F460998187E1DF329DA1	copied unmodified
assets/minecraft/cooked_beef.png	minecraft:cooked_beef	assets/minecraft/textures/item/cooked_beef.png	336D642E2752EB22DC925E4BDF3517F036E26B8594B085730ACFC57254E6DE94	336D642E2752EB22DC925E4BDF3517F036E26B8594B085730ACFC57254E6DE94	copied unmodified
assets/minecraft/diamond_sword.png	minecraft:diamond_sword	assets/minecraft/textures/item/diamond_sword.png	D1F1C5B65D72CCC40E6EFC3C191B0CB5699BB6CD0AC74E5A8C85A61E1092D587	D1F1C5B65D72CCC40E6EFC3C191B0CB5699BB6CD0AC74E5A8C85A61E1092D587	copied unmodified
assets/minecraft/diamond_pickaxe.png	minecraft:diamond_pickaxe	assets/minecraft/textures/item/diamond_pickaxe.png	18E15C5BE74D6EE5BDD166080C0A0AFA5A38D741F23B045C824F4799239C5169	18E15C5BE74D6EE5BDD166080C0A0AFA5A38D741F23B045C824F4799239C5169	copied unmodified
assets/minecraft/diamond_axe.png	minecraft:diamond_axe	assets/minecraft/textures/item/diamond_axe.png	2ACB30670EC0FEFFE47FA6C5186CA9300ECE06A4762EA69E1766C3F4B8ECD930	2ACB30670EC0FEFFE47FA6C5186CA9300ECE06A4762EA69E1766C3F4B8ECD930	copied unmodified
assets/minecraft/diamond_shovel.png	minecraft:diamond_shovel	assets/minecraft/textures/item/diamond_shovel.png	35CCB4091669026B3E1518899CDC59AC230C7D022A8A5017A282DEA6253D6929	35CCB4091669026B3E1518899CDC59AC230C7D022A8A5017A282DEA6253D6929	copied unmodified
assets/minecraft/bow.png	minecraft:bow	assets/minecraft/textures/item/bow.png	6F80DDF76947B0251CB1C7551D47157E9DD5BA155B7BF6AF3FA2AC15DFF7B056	6F80DDF76947B0251CB1C7551D47157E9DD5BA155B7BF6AF3FA2AC15DFF7B056	copied unmodified
assets/minecraft/arrow.png	minecraft:arrow	assets/minecraft/textures/item/arrow.png	5D5CE3803C06F4C30FC656312CF8FE42302AF6B2E6B3B822F5FCC1CDC902EED6	5D5CE3803C06F4C30FC656312CF8FE42302AF6B2E6B3B822F5FCC1CDC902EED6	copied unmodified
assets/minecraft/firework_rocket.png	minecraft:firework_rocket	assets/minecraft/textures/item/firework_rocket.png	5D14E117D096BFADAF8FA7166787EFE6B32157C6F20661FB84B7C6BE581832AE	5D14E117D096BFADAF8FA7166787EFE6B32157C6F20661FB84B7C6BE581832AE	copied unmodified
assets/minecraft/totem_of_undying.png	minecraft:totem_of_undying	assets/minecraft/textures/item/totem_of_undying.png	68438116516765A3678D34910E8B72926F3908C94C8D75C48E35D9085A0460FF	68438116516765A3678D34910E8B72926F3908C94C8D75C48E35D9085A0460FF	copied unmodified
assets/minecraft/diamond_helmet.png	minecraft:diamond_helmet	assets/minecraft/textures/item/diamond_helmet.png	3D3EAA0C8839C989F8BA31E617D15C280FE43BECD9CC2A6584CA4C9F15BCC229	3D3EAA0C8839C989F8BA31E617D15C280FE43BECD9CC2A6584CA4C9F15BCC229	copied unmodified
assets/minecraft/diamond_chestplate.png	minecraft:diamond_chestplate	assets/minecraft/textures/item/diamond_chestplate.png	7BBE105E51681999EA39A6427D79574AAD09E2A6B304B5591BF5363B723371D6	7BBE105E51681999EA39A6427D79574AAD09E2A6B304B5591BF5363B723371D6	copied unmodified
assets/minecraft/diamond_leggings.png	minecraft:diamond_leggings	assets/minecraft/textures/item/diamond_leggings.png	24531B598F43BEC1AEBC75CA2EEB37677CEC24CE07050E4FF545A67575896094	24531B598F43BEC1AEBC75CA2EEB37677CEC24CE07050E4FF545A67575896094	copied unmodified
assets/minecraft/diamond_boots.png	minecraft:diamond_boots	assets/minecraft/textures/item/diamond_boots.png	A326701686F1FDFDC0A29A231E09B521807D4DB621B6F61FD938DAB59D2A2726	A326701686F1FDFDC0A29A231E09B521807D4DB621B6F61FD938DAB59D2A2726	copied unmodified
assets/minecraft/stone.png	minecraft:stone	assets/minecraft/textures/block/stone.png	47FA06D17143FD52BC2BE5D913C002B688434ED6D7366174B0717E57FD1D8EF3	47FA06D17143FD52BC2BE5D913C002B688434ED6D7366174B0717E57FD1D8EF3	copied unmodified; block texture used by the vanilla item model
assets/minecraft/cobblestone.png	minecraft:cobblestone	assets/minecraft/textures/block/cobblestone.png	09938CA6AAC566C84AB45357C2FADD42414CBF100ACECA4313EA19BFFC726200	09938CA6AAC566C84AB45357C2FADD42414CBF100ACECA4313EA19BFFC726200	copied unmodified; block texture used by the vanilla item model
assets/minecraft/dirt.png	minecraft:dirt	assets/minecraft/textures/block/dirt.png	6D54A15F4FC34D9D0D94B9807F799266A27CEBF47E5AD3C4DB9A1013C245B969	6D54A15F4FC34D9D0D94B9807F799266A27CEBF47E5AD3C4DB9A1013C245B969	copied unmodified; block texture used by the vanilla item model
assets/minecraft/oak_planks.png	minecraft:oak_planks	assets/minecraft/textures/block/oak_planks.png	DBF2181F189918B0840A25D1C2118FDDA326F97F8D75B77C8524586EC30169B3	DBF2181F189918B0840A25D1C2118FDDA326F97F8D75B77C8524586EC30169B3	copied unmodified; block texture used by the vanilla item model
assets/minecraft/shield.png	minecraft:shield	assets/minecraft/textures/entity/shield/shield_base_nopattern.png	A0283ABB029F48EC937139E46688249C74BFB77F977BD12BE2CD816E1A5D6E58	AD8FFF36066DD24C7280D44AB38C9F9FBE234564F559197B7C4CA79627B02007	generated 64x plain-shield legacy fallback from unmodified Faithful entity texture and Minecraft 26.1.2 ShieldModel; bounded slot vertically centered; banner patterns deferred
overrides/items/minecraft/shield.png	minecraft:shield	assets/minecraft/textures/entity/shield/shield_base_nopattern.png	A0283ABB029F48EC937139E46688249C74BFB77F977BD12BE2CD816E1A5D6E58	AD8FFF36066DD24C7280D44AB38C9F9FBE234564F559197B7C4CA79627B02007	generated 64x explicit plain-shield override from unmodified Faithful entity texture and Minecraft 26.1.2 ShieldModel; client geometry, angle, scale and nearest sampling with bounded-slot vertical centering
overrides/items/minecraft/honey_block.png	minecraft:honey_block	assets/minecraft/models/block/honey_block.json	F390786A43E543105CBC262AED71DB6A3AF20586AB6EAB610433641C90A12A33	7A9B1F1F5860DD3BA47453001467EFEBA4E1580305CFBFADA87D5FA7F4D423B6	regenerated from the Faithful 32x textures with nested translucent client surfaces composited back-to-front
overrides/items/minecraft/chest.png	minecraft:chest	assets/minecraft/textures/entity/chest/normal.png	314959CDED5BBB6B351D06A7224F5082C4FE90795942161092C26D2D1BAA11F7	26186FFFE03F0ED59B78E011130FE13E15043F208E856CA7F5749691D201AEDC	pre-baked locally from Faithful entity texture using lid/body/latch cuboids; client-facing yaw +30 degrees, latch y=9..13 on broad right front face; explicit final item override for unsupported minecraft:special item renderer
overrides/items/minecraft/ender_chest.png	minecraft:ender_chest	assets/minecraft/textures/entity/chest/ender.png	C24D746E4F6C5256624BBFD72FDA431AAAF7E8E795B86EC49E9EE55F4F79FBC6	E60A80D5599FF27D16D9F8C21726062E4CFCA39B2175382F085730C9C76778C1	generated client-equivalent static special override; fixed GUI transform and slot projection
overrides/items/minecraft/trapped_chest.png	minecraft:trapped_chest	assets/minecraft/textures/entity/chest/trapped.png	2D124ED996B19296E4B67ACB9127A504F11DDB6DD82F4766960B84F90B9C6E92	FE5FEB09EAF341490DDEEBE69E577EBF585BBD68DE1AF4DA1E4BCC1F3370A488	generated client-equivalent static special override; fixed GUI transform and slot projection
overrides/items/minecraft/copper_chest.png	minecraft:copper_chest	assets/minecraft/textures/entity/chest/copper.png	2ED7EF95E9B598F426F7141EB8CB08F0E63FFB2BB917CAF3A12C610A0DC8E6E0	5D69EA2A602C02154099C3F1F8D1D7C6420A088C3C5827FBC916D660DEE5C90A	generated client-equivalent static special override; fixed GUI transform and slot projection
overrides/items/minecraft/exposed_copper_chest.png	minecraft:exposed_copper_chest	assets/minecraft/textures/entity/chest/copper_exposed.png	9CCD442A82000C8D89E1D9B0B02B4EE0B857437DEB511B20D5BC0DB13026B0B9	ECEAA4480D8E9A2A8186D57C7B698F3E7B883EBF521F5F3D8D13DE01EAA0C88F	generated client-equivalent static special override; fixed GUI transform and slot projection
overrides/items/minecraft/weathered_copper_chest.png	minecraft:weathered_copper_chest	assets/minecraft/textures/entity/chest/copper_weathered.png	FD8422500A246417C749C198B494044A04408E6F2547E2D4031E8B2FBEFB0D91	54AA16ED87C3EF5BA99A033EF0558B663B40FE888A248A091118473E7C8384C0	generated client-equivalent static special override; fixed GUI transform and slot projection
overrides/items/minecraft/oxidized_copper_chest.png	minecraft:oxidized_copper_chest	assets/minecraft/textures/entity/chest/copper_oxidized.png	356AE2ABA582B889FC4339F9FCE15C045370E0A72319825524FD5386E0366BBB	C14CB95C4E2D0ADFBAB033A1AFC4D6DF748801BA3FCC993A9A9D7EB8DA22429E	generated client-equivalent static special override; fixed GUI transform and slot projection
overrides/items/minecraft/waxed_copper_chest.png	minecraft:waxed_copper_chest	assets/minecraft/textures/entity/chest/copper.png	2ED7EF95E9B598F426F7141EB8CB08F0E63FFB2BB917CAF3A12C610A0DC8E6E0	5D69EA2A602C02154099C3F1F8D1D7C6420A088C3C5827FBC916D660DEE5C90A	generated client-equivalent static special override; fixed GUI transform and slot projection
overrides/items/minecraft/waxed_exposed_copper_chest.png	minecraft:waxed_exposed_copper_chest	assets/minecraft/textures/entity/chest/copper_exposed.png	9CCD442A82000C8D89E1D9B0B02B4EE0B857437DEB511B20D5BC0DB13026B0B9	ECEAA4480D8E9A2A8186D57C7B698F3E7B883EBF521F5F3D8D13DE01EAA0C88F	generated client-equivalent static special override; fixed GUI transform and slot projection
overrides/items/minecraft/waxed_weathered_copper_chest.png	minecraft:waxed_weathered_copper_chest	assets/minecraft/textures/entity/chest/copper_weathered.png	FD8422500A246417C749C198B494044A04408E6F2547E2D4031E8B2FBEFB0D91	54AA16ED87C3EF5BA99A033EF0558B663B40FE888A248A091118473E7C8384C0	generated client-equivalent static special override; fixed GUI transform and slot projection
overrides/items/minecraft/waxed_oxidized_copper_chest.png	minecraft:waxed_oxidized_copper_chest	assets/minecraft/textures/entity/chest/copper_oxidized.png	356AE2ABA582B889FC4339F9FCE15C045370E0A72319825524FD5386E0366BBB	C14CB95C4E2D0ADFBAB033A1AFC4D6DF748801BA3FCC993A9A9D7EB8DA22429E	generated client-equivalent static special override; fixed GUI transform and slot projection
overrides/items/minecraft/shulker_box.png	minecraft:shulker_box	assets/minecraft/textures/entity/shulker/shulker.png	47DEC70B09711D9A2A0FC20B13CE90BCC1D814109AE99DB944137828167AEC26	EE99D91672D2873CE88A6BDDD922E663F9FEFB8C50114E3C246A01784CBDB8E3	generated client-equivalent static special override; fixed GUI transform and slot projection
overrides/items/minecraft/white_shulker_box.png	minecraft:white_shulker_box	assets/minecraft/textures/entity/shulker/shulker_white.png	41EBABD9512430DFCA746BFC2CBE1BC5DDEBEF74CD577FD2B790121C6BF18451	13368712ABDBBDA57E7C91E70155B0485012C726E084122478B85F45A4CE0A4E	generated client-equivalent static special override; fixed GUI transform and slot projection
overrides/items/minecraft/orange_shulker_box.png	minecraft:orange_shulker_box	assets/minecraft/textures/entity/shulker/shulker_orange.png	4FB267993F68B33DED1BB303396EDAF2E478C63FC78D736C5C73C834EB091C7E	1464231DDB8C0F2BAB617D8ACDCF0E4B2A1BA24F5793CA3E5A378B55BC5491A8	generated client-equivalent static special override; fixed GUI transform and slot projection
overrides/items/minecraft/magenta_shulker_box.png	minecraft:magenta_shulker_box	assets/minecraft/textures/entity/shulker/shulker_magenta.png	E332868A6E4044831C300676483609390767C16F52898538CBDE811F0355C746	F88557BE3E835F197256DEEC6A27C0B7FABC9AD81F12D4B3DDF9CEFC8B3D000B	generated client-equivalent static special override; fixed GUI transform and slot projection
overrides/items/minecraft/light_blue_shulker_box.png	minecraft:light_blue_shulker_box	assets/minecraft/textures/entity/shulker/shulker_light_blue.png	F36126E2E67C52BCAFE02E9909E2788901619CA5668F94FB8B9D017164CC870D	9AABC0DB1F06572F9768168AD45DD4E408A15ACCD72378F132B433BA48A8160D	generated client-equivalent static special override; fixed GUI transform and slot projection
overrides/items/minecraft/yellow_shulker_box.png	minecraft:yellow_shulker_box	assets/minecraft/textures/entity/shulker/shulker_yellow.png	39D1BA335F6362689DD36388AC8A3604FC4DE7CDC0ACC596AEA16A5F4DA27766	5A65415925711B6146383DB37AB2C760273CEDBAD14E4D25D6A92ED7D4826E95	generated client-equivalent static special override; fixed GUI transform and slot projection
overrides/items/minecraft/lime_shulker_box.png	minecraft:lime_shulker_box	assets/minecraft/textures/entity/shulker/shulker_lime.png	106431F80F10C52383B32F11AA630619FBE6C27E004237C4A84A67BA7A8C6FE3	775703039E7E485EDAEBAC9A67755B6EAE22FADED157166F52007FD33F34AAA8	generated client-equivalent static special override; fixed GUI transform and slot projection
overrides/items/minecraft/pink_shulker_box.png	minecraft:pink_shulker_box	assets/minecraft/textures/entity/shulker/shulker_pink.png	F8395DD0F735C28C1095814B12716E25A56AF98E68DAC228CDD1599F5B5F096B	6D0EA36678DB056A9CDF608E4636C47F158D77E9A3E3DC9949AA8E6538D1B5EA	generated client-equivalent static special override; fixed GUI transform and slot projection
overrides/items/minecraft/gray_shulker_box.png	minecraft:gray_shulker_box	assets/minecraft/textures/entity/shulker/shulker_gray.png	C4CD50D1CC059CABC2D38763A429915C3E716C8CCF2AB2B822AFCEA3B754AA3C	DF8A9D2FA625825A93DC7DD0961EB79CF2B64D5B46C797500D363BE85DE4503C	generated client-equivalent static special override; fixed GUI transform and slot projection
overrides/items/minecraft/light_gray_shulker_box.png	minecraft:light_gray_shulker_box	assets/minecraft/textures/entity/shulker/shulker_light_gray.png	B9DE5ECA482163372C56AEB73ECFA6D765EC3A8D97179AEF3B89FAB73B958187	47E306D66687872BBAA391D36351B32B64335C62CF7A61E8A459CA94B203EF0F	generated client-equivalent static special override; fixed GUI transform and slot projection
overrides/items/minecraft/cyan_shulker_box.png	minecraft:cyan_shulker_box	assets/minecraft/textures/entity/shulker/shulker_cyan.png	1A96B5CE006B1AE1F867D3F5B6B2B5FD5BD22F6FB4395820E9FB60CD295BFB3B	DC8F3D3FE040D9F64B15CF9F746A4C52948C4E08F256EC2ED1251714C93F2D5D	generated client-equivalent static special override; fixed GUI transform and slot projection
overrides/items/minecraft/purple_shulker_box.png	minecraft:purple_shulker_box	assets/minecraft/textures/entity/shulker/shulker_purple.png	777D61469FAE924CC958A05312BFB2C8950CF2228A345974EC71666E68CDCB13	60AE551F04C8373326E36234039F2DCEA6C2C185EB90C51919D83E2BCE8B1687	generated client-equivalent static special override; fixed GUI transform and slot projection
overrides/items/minecraft/blue_shulker_box.png	minecraft:blue_shulker_box	assets/minecraft/textures/entity/shulker/shulker_blue.png	A1F7BF49EC15927C6A0A17C82E8682FEFB680C693D278291011CA965ED87D032	80827BCFE3F28C3A77C8BF8F1F85D6B8150018B82B68A261076C19E40981AB15	generated client-equivalent static special override; fixed GUI transform and slot projection
overrides/items/minecraft/brown_shulker_box.png	minecraft:brown_shulker_box	assets/minecraft/textures/entity/shulker/shulker_brown.png	1C698A9791D58F5A07D6A0960C0D3B4688DECC5D2F15F4CB2ADAC65F83F8B1A2	C9AAFB229166C11D460ED50398C4E4DE7CBC4857D7E2FB93CD0F89459C8CE1A8	generated client-equivalent static special override; fixed GUI transform and slot projection
overrides/items/minecraft/green_shulker_box.png	minecraft:green_shulker_box	assets/minecraft/textures/entity/shulker/shulker_green.png	F3638FB2C861671940563AC8EC4AD338643A1C63B3DFC1354C93F74EC416180F	65167AF1FD6CA8C241FF27D96FE73D72A29329A871F8117B3BF3476F720D2081	generated client-equivalent static special override; fixed GUI transform and slot projection
overrides/items/minecraft/red_shulker_box.png	minecraft:red_shulker_box	assets/minecraft/textures/entity/shulker/shulker_red.png	D1100D30D163C99B66A435AFC056FEB24026BB0F58AB6D681D65828B7FF687AA	8DDDD0F1B6A6050683256CEDC7A046D28066DBF6471F4ED234052DF22BAFB181	generated client-equivalent static special override; fixed GUI transform and slot projection
overrides/items/minecraft/black_shulker_box.png	minecraft:black_shulker_box	assets/minecraft/textures/entity/shulker/shulker_black.png	3D58D9D60DFF7C749FD43496BA14C1EED7D16EA20B7EA364906C41B5F935DE56	D5B0DE6BDF9161F564875B9EE890C4150B6DDA4B554FD51B6652E902D6250B75	generated client-equivalent static special override; fixed GUI transform and slot projection
overrides/items/minecraft/white_bed.png	minecraft:white_bed	assets/minecraft/textures/entity/bed/white.png	1766CDE4551A3D91F38628DAFE0C76FBB6BF2BC3A8301E715B4A2D149CFF980E	9218427970DEDB6F30C31612DDAE550444609127BBCCB7BE03C004D7267C0E74	generated client-equivalent two-piece Bed special override from Minecraft 26.1.2 vanilla entity texture
overrides/items/minecraft/orange_bed.png	minecraft:orange_bed	assets/minecraft/textures/entity/bed/orange.png	6146802C41C2719324A79039D64577C9DB95130EA5CFE98CC19576849F36B5E3	28828220B49C5B54DD9A5058950B95157EAEE930769D30A33D2BE4D0B383E362	generated client-equivalent two-piece Bed special override from Minecraft 26.1.2 vanilla entity texture
overrides/items/minecraft/magenta_bed.png	minecraft:magenta_bed	assets/minecraft/textures/entity/bed/magenta.png	193055C7C5185F8E3DE9311127E81D85B1704ABB772A6F381735341B73D61218	F037084B94528FA67AA6A6CAF0E7DD600F3C02E1DA6FFE53BAA5E1FF10F70F72	generated client-equivalent two-piece Bed special override from Minecraft 26.1.2 vanilla entity texture
overrides/items/minecraft/light_blue_bed.png	minecraft:light_blue_bed	assets/minecraft/textures/entity/bed/light_blue.png	A7C255A0DABFAFF1E6A02142F0A10487829E52FFA13B9C10C05FF19D155593B8	272272A2C9FE22823C3DEC8F0CF87E98C4B2614C1545587A17661AEFFDDCF77D	generated client-equivalent two-piece Bed special override from Minecraft 26.1.2 vanilla entity texture
overrides/items/minecraft/yellow_bed.png	minecraft:yellow_bed	assets/minecraft/textures/entity/bed/yellow.png	029ECE878B462A3E40CADAFA9413AE5DC0011AE132F9A080D608B2E189815BA7	50F53574A061FB3148030B2D317649C066A7EDD3CEC1885C810F3BD4463E8A9C	generated client-equivalent two-piece Bed special override from Minecraft 26.1.2 vanilla entity texture
overrides/items/minecraft/lime_bed.png	minecraft:lime_bed	assets/minecraft/textures/entity/bed/lime.png	11674975203749C2A6F829A84AA6693635BF037C175C615767A1DD68373B2CCB	91F9C0B223059BC01DA1B4661B24A0705DC18566661AD2BD3E75FDA9B4FC5291	generated client-equivalent two-piece Bed special override from Minecraft 26.1.2 vanilla entity texture
overrides/items/minecraft/pink_bed.png	minecraft:pink_bed	assets/minecraft/textures/entity/bed/pink.png	95419FAD7030ACFEA70ED50FA92C1CBF2A4F1B4B5D46FC2A59F70E26FDC5C073	477CF5E33B5F5C60152A3330B1A3A4F41BFACC114B18A360B9BA77EC62B05907	generated client-equivalent two-piece Bed special override from Minecraft 26.1.2 vanilla entity texture
overrides/items/minecraft/gray_bed.png	minecraft:gray_bed	assets/minecraft/textures/entity/bed/gray.png	89CA410585038C0DAB6F45F91BDA1CDFBB556E70D375373781A8CC9F703A1709	9DF655F5BBF2512E001790E45C101426F9B0C665AAB8E108F5DAD4A5181BC13F	generated client-equivalent two-piece Bed special override from Minecraft 26.1.2 vanilla entity texture
overrides/items/minecraft/light_gray_bed.png	minecraft:light_gray_bed	assets/minecraft/textures/entity/bed/light_gray.png	4B89BF57A5B1F12B48253BE28D20137C82B7F10BB51A2E7A0ECF6ACE70182F9C	10C9018DB3102475BA30FA16260560CD7DF8A86D76E15BF5A3E5640ADE06833B	generated client-equivalent two-piece Bed special override from Minecraft 26.1.2 vanilla entity texture
overrides/items/minecraft/cyan_bed.png	minecraft:cyan_bed	assets/minecraft/textures/entity/bed/cyan.png	0597E0FBE9783ECB4E366C42ED1FDF872D956DFBA7C112E4D7CD7FFF9C489949	8096E8415586AA975724F554B60A6ECBD3245DE024999ADA47C574F4FEDBFDF5	generated client-equivalent two-piece Bed special override from Minecraft 26.1.2 vanilla entity texture
overrides/items/minecraft/purple_bed.png	minecraft:purple_bed	assets/minecraft/textures/entity/bed/purple.png	BFB41F0B837E9EEAB6DFE629169E9D5BFF6E05D428B1FC3476B64FC0AC131027	466BB6E4E601B840AF7F567A0546D61D51B10E4B6AF42F68CE86FBF6CD5D7528	generated client-equivalent two-piece Bed special override from Minecraft 26.1.2 vanilla entity texture
overrides/items/minecraft/blue_bed.png	minecraft:blue_bed	assets/minecraft/textures/entity/bed/blue.png	9945EF486A1A2ADBC2C1D477AC322B6B6DD32CAF074BBC7048495203DD909564	D35BA36365CC67F683287EF06F8B4C234A44D71AE09D14412FB041E894A21693	generated client-equivalent two-piece Bed special override from Minecraft 26.1.2 vanilla entity texture
overrides/items/minecraft/brown_bed.png	minecraft:brown_bed	assets/minecraft/textures/entity/bed/brown.png	BD1E8DD05EAE8E978AD323DD12026D88434DB47C8864FE172008DD7E89494CE6	4CD317053FA89EC54E796AD1ADB877B3C8A49AE6AA36FD07CAA6F895F8DE8627	generated client-equivalent two-piece Bed special override from Minecraft 26.1.2 vanilla entity texture
overrides/items/minecraft/green_bed.png	minecraft:green_bed	assets/minecraft/textures/entity/bed/green.png	6BC62A61C5A5B316BCB8FC12F02D98960B623F532453633C2619A17C613D1700	F5C39B992BB3F7E6A3CC070B0A2465A0180201609FFB22AB516056E8B3E67471	generated client-equivalent two-piece Bed special override from Minecraft 26.1.2 vanilla entity texture
overrides/items/minecraft/red_bed.png	minecraft:red_bed	assets/minecraft/textures/entity/bed/red.png	5BA40B3F414166BFC04960792A0D1C42A1DA865D66173DE1ACCB12F0353896D3	8DF08873FF7BC7AAC04DDD660856E067DBD3D6B144A7E523B2EBDA9CC3C1B2BD	generated client-equivalent two-piece Bed special override from Minecraft 26.1.2 vanilla entity texture
overrides/items/minecraft/black_bed.png	minecraft:black_bed	assets/minecraft/textures/entity/bed/black.png	C7FC23C4FC2788DD882E31D32E145C09D163F1D02FF5439995953BF4721EEA59	6A07C0E06F02ECAEE151CF98B392C9CFDDC456DC4DDF0E03ABFB8DA497CA2D90	generated client-equivalent two-piece Bed special override from Minecraft 26.1.2 vanilla entity texture
special-variants/minecraft/clock.png	minecraft:clock	assets/minecraft/textures/item/clock_00.png	9F90B7E70DBBB1CF34762F9D5975AB375BA272C5CEE3765AC98C1CE7CD55CFCF	9F90B7E70DBBB1CF34762F9D5975AB375BA272C5CEE3765AC98C1CE7CD55CFCF	Faithful 32x Java 1.21.11 fixed representative frame 00; copied unmodified
special-variants/minecraft/compass.png	minecraft:compass	assets/minecraft/textures/item/compass_00.png	8C293C8A53C8090FEFE7A34F43DF510C2982ACB401BE733493458159903F4E0D	8C293C8A53C8090FEFE7A34F43DF510C2982ACB401BE733493458159903F4E0D	Faithful 32x Java 1.21.11 fixed representative frame 00; copied unmodified
special-variants/minecraft/creeper_head.png	minecraft:creeper_head	assets/minecraft/textures/entity/creeper/creeper.png	1D023574CD9633F12D8A403406871968D5E385F73D3412714CF324E9E9465848	E51400721CD0583914A5B707268969F9AECBAEFE15A766CA4F04DC34C1893EC7	Faithful 32x entity atlas rendered as a transparent 64x64 inventory head object in Minecraft GUI orientation
special-variants/minecraft/dragon_head.png	minecraft:dragon_head	assets/minecraft/textures/entity/enderdragon/dragon.png	27537495503DBE9A647DEF8CAB1AD532AB09BEA36E79ABF40920782991DDCE1E	34F4F8A1C01B0D62FB823ED0831539C27786AD48DAD0C4849DA395D0AC54FADA	Faithful 32x texture rendered from the 1.21.11 upper-head, lip, nostril, horn and articulated-jaw cuboids in Minecraft GUI orientation
special-variants/minecraft/piglin_head.png	minecraft:piglin_head	assets/minecraft/textures/entity/piglin/piglin.png	8AE4DDD07EF0ED0FEA795F1DF4BCC78723627CE0806A3B8E3DFE61D5C63163BC	FE590A11A3D5E0667939A5ADDC3FFA1200ED9A255D9145996232C8E054DE6DA4	Faithful 32x texture rendered from the 1.21.11 head, snout, tusk and rotated-ear cuboids in Minecraft GUI orientation
special-variants/minecraft/player_head.png	minecraft:player_head	assets/minecraft/textures/entity/player/wide/steve.png	94B4EE1640F3C333DEAD64D0A56FD10C639247B7534360D6C5FA2EBC16DA4FDA	ED165A587199AD9B0DD86DB2DFAC495A6F55D75967E2BB142580B0A4BA0A04E2	Faithful 32x Steve rendered as generic transparent 64x64 head object in Minecraft GUI orientation; captured custom texture cache has priority
special-variants/minecraft/recovery_compass.png	minecraft:recovery_compass	assets/minecraft/textures/item/recovery_compass_00.png	D158639F680D5F567721D80AB8B35DBAEFC838B4BBF67020C914D5C62CAB36BF	D158639F680D5F567721D80AB8B35DBAEFC838B4BBF67020C914D5C62CAB36BF	Faithful 32x Java 1.21.11 fixed representative frame 00; copied unmodified
special-variants/minecraft/skeleton_skull.png	minecraft:skeleton_skull	assets/minecraft/textures/entity/skeleton/skeleton.png	0957A3519249C6807571B909D10B4A540BB980B53C65C62D1071DD31013381F5	28196EA5BF71AE364AC1840DF874EBB2EAAB616D15247484481253D86CDC9835	Faithful 32x entity atlas rendered as a transparent 64x64 inventory head object in Minecraft GUI orientation
special-variants/minecraft/trapped_chest_christmas.png	minecraft:trapped_chest	assets/minecraft/textures/entity/chest/christmas.png	A878C5F3CB023B2B4403724B2A0E0EC74BC6A4609883E18E0E690B16F93DE049	074E3A8AAFF6FBEDBC67AA26B41BAF2A8F7E2091C9C5E517CDB11C81DBBF26D3	generated seasonal Christmas variant; selected only on December 24-26
special-variants/minecraft/wither_skeleton_skull.png	minecraft:wither_skeleton_skull	assets/minecraft/textures/entity/skeleton/wither_skeleton.png	E342D2522A0C986E2687349DB14C0B8D0019E5D66666DA29860540779A04A2D0	0C3EE828DC7DF3D193F350F6D06C04E9512E753DE10AF35B45076334366E8AC6	Faithful 32x entity atlas rendered as a transparent 64x64 inventory head object in Minecraft GUI orientation
special-variants/minecraft/zombie_head.png	minecraft:zombie_head	assets/minecraft/textures/entity/zombie/zombie.png	CC8C2B1E3FDC8D986C0CAAA4BA1F81D0FE997624011E21932FD11AD4E9E46BFC	B0FBACCAE7B8616B1D632E1CC7CA62BC8EE66FC2BF5EE8E47C72C2C56C1DB5FA	Faithful 32x entity atlas rendered as a transparent 64x64 inventory head object in Minecraft GUI orientation
runtime-composites/items/minecraft/trident.png	minecraft:trident	assets/minecraft/textures/item/trident.png	EB894CF748785855996373EFFCCF493CC370AA086AF1B47C095E4855E4BBD794	EB894CF748785855996373EFFCCF493CC370AA086AF1B47C095E4855E4BBD794	copied unmodified; Faithful GUI model layer selected by display_context=gui; never used as a special renderer override
runtime-composites/items/minecraft/potion_overlay.png	minecraft:potion-family	assets/minecraft/textures/item/potion_overlay.png	038655F34C21896D7AB8C3DFA7B512AA9A8AE9FB6F0540485A0C986CF5A2D62B	038655F34C21896D7AB8C3DFA7B512AA9A8AE9FB6F0540485A0C986CF5A2D62B	copied unmodified runtime layer0; tint applied only during rendering
runtime-composites/items/minecraft/potion.png	minecraft:potion	assets/minecraft/textures/item/potion.png	FA45B5806E5AD32C6D88FFE98006687B05275E9369944F01F6B0089AE533BE6A	FA45B5806E5AD32C6D88FFE98006687B05275E9369944F01F6B0089AE533BE6A	copied unmodified untinted layer1 for PotionTintCompositor
runtime-composites/items/minecraft/splash_potion.png	minecraft:splash_potion	assets/minecraft/textures/item/splash_potion.png	F086389F2B74B58D208677259EE29AA1E73260FC5F851D7949201F5B5B036F4D	F086389F2B74B58D208677259EE29AA1E73260FC5F851D7949201F5B5B036F4D	copied unmodified untinted layer1 for PotionTintCompositor
runtime-composites/items/minecraft/lingering_potion.png	minecraft:lingering_potion	assets/minecraft/textures/item/lingering_potion.png	50D805A8B0DD17A95D8E1961928C6151A3186D1EECDDBEA79728A5EF26A350CC	50D805A8B0DD17A95D8E1961928C6151A3186D1EECDDBEA79728A5EF26A350CC	copied unmodified untinted layer1 for PotionTintCompositor
runtime-composites/items/minecraft/tipped_arrow_head.png	minecraft:tipped_arrow	assets/minecraft/textures/item/tipped_arrow_head.png	889E7AFD338A48C2341D2A5A6AC1B8D9B13B72B3CA3F952ACB362BD2616B2E90	889E7AFD338A48C2341D2A5A6AC1B8D9B13B72B3CA3F952ACB362BD2616B2E90	copied unmodified runtime tint layer0 for tipped arrow
runtime-composites/items/minecraft/tipped_arrow_base.png	minecraft:tipped_arrow	assets/minecraft/textures/item/tipped_arrow_base.png	238988AEDC59F8857212AD76654450696F06E065FBF2BDBC391F947B1A1AAF51	238988AEDC59F8857212AD76654450696F06E065FBF2BDBC391F947B1A1AAF51	copied unmodified untinted layer1 for tipped arrow
fallback/unknown.png	*	minecraft:missingno specification	6E2702803C29B327D0C844D201DE91F13FFF572176967587B6A52BB87C6AA985	6E2702803C29B327D0C844D201DE91F13FFF572176967587B6A52BB87C6AA985	generated 64x transparent 3D cube from the canonical 16x16 black/magenta texture; offline build-time only
overrides/items/variants/minecraft/enchanted_book/aqua_affinity.png	minecraft:enchanted_book	Vanilla CIT Enchanted Books.zip!assets/minecraft/textures/item/aqua_affinity.png	DEC4169EE39E2753EFA5056E687D0DCF9C1D7B06334E8E8548CBF44312740D0A	DEC4169EE39E2753EFA5056E687D0DCF9C1D7B06334E8E8548CBF44312740D0A	copied unmodified; selected from captured item component by a precomputed lookup and decoded lazily on first use
overrides/items/variants/minecraft/enchanted_book/bane_of_arthropods1.png	minecraft:enchanted_book	Vanilla CIT Enchanted Books.zip!assets/minecraft/textures/item/bane_of_arthropods1.png	790D4AEE2BFD00BCE851D0A791B59E1D1C59D58FA40C370AB4230F379491BF27	790D4AEE2BFD00BCE851D0A791B59E1D1C59D58FA40C370AB4230F379491BF27	copied unmodified; selected from captured item component by a precomputed lookup and decoded lazily on first use
overrides/items/variants/minecraft/enchanted_book/bane_of_arthropods2.png	minecraft:enchanted_book	Vanilla CIT Enchanted Books.zip!assets/minecraft/textures/item/bane_of_arthropods2.png	1FF5A3BFDCC84642F5A662D6A3A70D62F9DF1F245FDEB7A661F35D9769335960	1FF5A3BFDCC84642F5A662D6A3A70D62F9DF1F245FDEB7A661F35D9769335960	copied unmodified; selected from captured item component by a precomputed lookup and decoded lazily on first use
overrides/items/variants/minecraft/enchanted_book/bane_of_arthropods3.png	minecraft:enchanted_book	Vanilla CIT Enchanted Books.zip!assets/minecraft/textures/item/bane_of_arthropods3.png	D4991350C73DAAA49741422B0FB3D9D4BAA8D9735E294EBEBFE0877C42CE91CC	D4991350C73DAAA49741422B0FB3D9D4BAA8D9735E294EBEBFE0877C42CE91CC	copied unmodified; selected from captured item component by a precomputed lookup and decoded lazily on first use
overrides/items/variants/minecraft/enchanted_book/bane_of_arthropods4.png	minecraft:enchanted_book	Vanilla CIT Enchanted Books.zip!assets/minecraft/textures/item/bane_of_arthropods4.png	9E32020021184575DF254DAC6ECF1FE33218534A142DE9FD2AFBFD996D6EA256	9E32020021184575DF254DAC6ECF1FE33218534A142DE9FD2AFBFD996D6EA256	copied unmodified; selected from captured item component by a precomputed lookup and decoded lazily on first use
overrides/items/variants/minecraft/enchanted_book/bane_of_arthropods5.png	minecraft:enchanted_book	Vanilla CIT Enchanted Books.zip!assets/minecraft/textures/item/bane_of_arthropods5.png	F7A327B957DB95021B5D5BE0732E780523887185B403AFFB399FDFDD273855AC	F7A327B957DB95021B5D5BE0732E780523887185B403AFFB399FDFDD273855AC	copied unmodified; selected from captured item component by a precomputed lookup and decoded lazily on first use
overrides/items/variants/minecraft/enchanted_book/blast_protection1.png	minecraft:enchanted_book	Vanilla CIT Enchanted Books.zip!assets/minecraft/textures/item/blast_protection1.png	C36BC028FE90BAB3B649F557A8D6B112A43433089D800CA49C4006713AA3F079	C36BC028FE90BAB3B649F557A8D6B112A43433089D800CA49C4006713AA3F079	copied unmodified; selected from captured item component by a precomputed lookup and decoded lazily on first use
overrides/items/variants/minecraft/enchanted_book/blast_protection2.png	minecraft:enchanted_book	Vanilla CIT Enchanted Books.zip!assets/minecraft/textures/item/blast_protection2.png	ADA628AD328BA7AE0E7B0E15F6BDC0B4E51AA31B7E3DE359FD3718508B827B76	ADA628AD328BA7AE0E7B0E15F6BDC0B4E51AA31B7E3DE359FD3718508B827B76	copied unmodified; selected from captured item component by a precomputed lookup and decoded lazily on first use
overrides/items/variants/minecraft/enchanted_book/blast_protection3.png	minecraft:enchanted_book	Vanilla CIT Enchanted Books.zip!assets/minecraft/textures/item/blast_protection3.png	2843AE2CB7EE92F5F4AF5FD41AA290CF89C0B385F06092F42C15B2B789B55EC6	2843AE2CB7EE92F5F4AF5FD41AA290CF89C0B385F06092F42C15B2B789B55EC6	copied unmodified; selected from captured item component by a precomputed lookup and decoded lazily on first use
overrides/items/variants/minecraft/enchanted_book/blast_protection4.png	minecraft:enchanted_book	Vanilla CIT Enchanted Books.zip!assets/minecraft/textures/item/blast_protection4.png	66A5540892A7229D8C8DE716858B78775850BFDE86FA5A094C936A796533A5BA	66A5540892A7229D8C8DE716858B78775850BFDE86FA5A094C936A796533A5BA	copied unmodified; selected from captured item component by a precomputed lookup and decoded lazily on first use
overrides/items/variants/minecraft/enchanted_book/breach1.png	minecraft:enchanted_book	Vanilla CIT Enchanted Books.zip!assets/minecraft/textures/item/breach1.png	4BEA0929027D45D9D005DEC82D41F037731D5CEA03C5A726DC13B131B5C26003	4BEA0929027D45D9D005DEC82D41F037731D5CEA03C5A726DC13B131B5C26003	copied unmodified; selected from captured item component by a precomputed lookup and decoded lazily on first use
overrides/items/variants/minecraft/enchanted_book/breach2.png	minecraft:enchanted_book	Vanilla CIT Enchanted Books.zip!assets/minecraft/textures/item/breach2.png	2AFC44722891E07A19FA885A1E75A852FB5B6FC1AC29DE5C934522F32E5CEE24	2AFC44722891E07A19FA885A1E75A852FB5B6FC1AC29DE5C934522F32E5CEE24	copied unmodified; selected from captured item component by a precomputed lookup and decoded lazily on first use
overrides/items/variants/minecraft/enchanted_book/breach3.png	minecraft:enchanted_book	Vanilla CIT Enchanted Books.zip!assets/minecraft/textures/item/breach3.png	1FA14E2E17FC271ED64EF7E45C79002DFEA6939299790683495C6AF32E956103	1FA14E2E17FC271ED64EF7E45C79002DFEA6939299790683495C6AF32E956103	copied unmodified; selected from captured item component by a precomputed lookup and decoded lazily on first use
overrides/items/variants/minecraft/enchanted_book/breach4.png	minecraft:enchanted_book	Vanilla CIT Enchanted Books.zip!assets/minecraft/textures/item/breach4.png	25175482E8F24304C913071F97BAAEC113BB2E1B6C47EAE245D7E45D04B43B2A	25175482E8F24304C913071F97BAAEC113BB2E1B6C47EAE245D7E45D04B43B2A	copied unmodified; selected from captured item component by a precomputed lookup and decoded lazily on first use
overrides/items/variants/minecraft/enchanted_book/channeling.png	minecraft:enchanted_book	Vanilla CIT Enchanted Books.zip!assets/minecraft/textures/item/channeling.png	92D40BF1C6BE61EDF5FEACC7B531EC1CF5483DF147F044C55FD94C3390832372	92D40BF1C6BE61EDF5FEACC7B531EC1CF5483DF147F044C55FD94C3390832372	copied unmodified; selected from captured item component by a precomputed lookup and decoded lazily on first use
overrides/items/variants/minecraft/enchanted_book/curse_of_binding.png	minecraft:enchanted_book	Vanilla CIT Enchanted Books.zip!assets/minecraft/textures/item/curse_of_binding.png	6019F8801830A2499AC12617E1A198776DF4158DF43E97FBAD8AC0F3245385D2	6019F8801830A2499AC12617E1A198776DF4158DF43E97FBAD8AC0F3245385D2	copied unmodified; selected from captured item component by a precomputed lookup and decoded lazily on first use
overrides/items/variants/minecraft/enchanted_book/curse_of_vanishing.png	minecraft:enchanted_book	Vanilla CIT Enchanted Books.zip!assets/minecraft/textures/item/curse_of_vanishing.png	5BD27CF86203370EE2D18ECF2A4E6C3D0C81FABD440407137127CED04D6322F7	5BD27CF86203370EE2D18ECF2A4E6C3D0C81FABD440407137127CED04D6322F7	copied unmodified; selected from captured item component by a precomputed lookup and decoded lazily on first use
overrides/items/variants/minecraft/enchanted_book/density1.png	minecraft:enchanted_book	Vanilla CIT Enchanted Books.zip!assets/minecraft/textures/item/density1.png	072B79A001E4FFCD316C11ED55AB48C36D71472481B4D81AFDA68A08BF059738	072B79A001E4FFCD316C11ED55AB48C36D71472481B4D81AFDA68A08BF059738	copied unmodified; selected from captured item component by a precomputed lookup and decoded lazily on first use
overrides/items/variants/minecraft/enchanted_book/density2.png	minecraft:enchanted_book	Vanilla CIT Enchanted Books.zip!assets/minecraft/textures/item/density2.png	F5594AEA5D0F32EC681F827098F0FE108271B0CAEDE5C9AB8A093B0355E47D9A	F5594AEA5D0F32EC681F827098F0FE108271B0CAEDE5C9AB8A093B0355E47D9A	copied unmodified; selected from captured item component by a precomputed lookup and decoded lazily on first use
overrides/items/variants/minecraft/enchanted_book/density3.png	minecraft:enchanted_book	Vanilla CIT Enchanted Books.zip!assets/minecraft/textures/item/density3.png	952C4AEB4B0BDFE3E1F1EE601D5D054529D8F82BC2A309F4E6FE892F812D8275	952C4AEB4B0BDFE3E1F1EE601D5D054529D8F82BC2A309F4E6FE892F812D8275	copied unmodified; selected from captured item component by a precomputed lookup and decoded lazily on first use
overrides/items/variants/minecraft/enchanted_book/density4.png	minecraft:enchanted_book	Vanilla CIT Enchanted Books.zip!assets/minecraft/textures/item/density4.png	C65C07A916FAF552C8245C268ADF87E781C7F90D96389A09A0697EBFDDD94701	C65C07A916FAF552C8245C268ADF87E781C7F90D96389A09A0697EBFDDD94701	copied unmodified; selected from captured item component by a precomputed lookup and decoded lazily on first use
overrides/items/variants/minecraft/enchanted_book/density5.png	minecraft:enchanted_book	Vanilla CIT Enchanted Books.zip!assets/minecraft/textures/item/density5.png	189B9A496120E9DA60B5C9DD92AABBF1C2DDF05D764896483B1D0D6796DC68A3	189B9A496120E9DA60B5C9DD92AABBF1C2DDF05D764896483B1D0D6796DC68A3	copied unmodified; selected from captured item component by a precomputed lookup and decoded lazily on first use
overrides/items/variants/minecraft/enchanted_book/depth_strider1.png	minecraft:enchanted_book	Vanilla CIT Enchanted Books.zip!assets/minecraft/textures/item/depth_strider1.png	1F333DC2911CD05A7372ABD516460A4213638B04E8FE11BEDB6448CB1282BD38	1F333DC2911CD05A7372ABD516460A4213638B04E8FE11BEDB6448CB1282BD38	copied unmodified; selected from captured item component by a precomputed lookup and decoded lazily on first use
overrides/items/variants/minecraft/enchanted_book/depth_strider2.png	minecraft:enchanted_book	Vanilla CIT Enchanted Books.zip!assets/minecraft/textures/item/depth_strider2.png	BDD311DC7601850DC46C88F6278FA28B203C4B8C40686035A2CA21B143D9FC7B	BDD311DC7601850DC46C88F6278FA28B203C4B8C40686035A2CA21B143D9FC7B	copied unmodified; selected from captured item component by a precomputed lookup and decoded lazily on first use
overrides/items/variants/minecraft/enchanted_book/depth_strider3.png	minecraft:enchanted_book	Vanilla CIT Enchanted Books.zip!assets/minecraft/textures/item/depth_strider3.png	DF9AB0325E9EA416FB4CA03CD7EC56664439FD10A2D3818715B0DDA8DF47B1AA	DF9AB0325E9EA416FB4CA03CD7EC56664439FD10A2D3818715B0DDA8DF47B1AA	copied unmodified; selected from captured item component by a precomputed lookup and decoded lazily on first use
overrides/items/variants/minecraft/enchanted_book/efficiency1.png	minecraft:enchanted_book	Vanilla CIT Enchanted Books.zip!assets/minecraft/textures/item/efficiency1.png	CEDC79607340ACF03B2F690DCB685C75739AFD1F4DEBE30CB10886807173A2E8	CEDC79607340ACF03B2F690DCB685C75739AFD1F4DEBE30CB10886807173A2E8	copied unmodified; selected from captured item component by a precomputed lookup and decoded lazily on first use
overrides/items/variants/minecraft/enchanted_book/efficiency2.png	minecraft:enchanted_book	Vanilla CIT Enchanted Books.zip!assets/minecraft/textures/item/efficiency2.png	B88CB2D399278A7AE7D5C640605FD6ECFBFCC3EA7ACD831564ADA240DAAEB3F6	B88CB2D399278A7AE7D5C640605FD6ECFBFCC3EA7ACD831564ADA240DAAEB3F6	copied unmodified; selected from captured item component by a precomputed lookup and decoded lazily on first use
overrides/items/variants/minecraft/enchanted_book/efficiency3.png	minecraft:enchanted_book	Vanilla CIT Enchanted Books.zip!assets/minecraft/textures/item/efficiency3.png	5183F0999155AA7A59C63A4FBE5DE9A699CB449BBE9D7AAFE6EBCDA16CC83D04	5183F0999155AA7A59C63A4FBE5DE9A699CB449BBE9D7AAFE6EBCDA16CC83D04	copied unmodified; selected from captured item component by a precomputed lookup and decoded lazily on first use
overrides/items/variants/minecraft/enchanted_book/efficiency4.png	minecraft:enchanted_book	Vanilla CIT Enchanted Books.zip!assets/minecraft/textures/item/efficiency4.png	2F70D4506583EB4B8B5744B2387401C27AE0EE763621A5FECFDC4BDF6C1FD708	2F70D4506583EB4B8B5744B2387401C27AE0EE763621A5FECFDC4BDF6C1FD708	copied unmodified; selected from captured item component by a precomputed lookup and decoded lazily on first use
overrides/items/variants/minecraft/enchanted_book/efficiency5.png	minecraft:enchanted_book	Vanilla CIT Enchanted Books.zip!assets/minecraft/textures/item/efficiency5.png	EB7187E38F5F13D4EBC756E80DE958789FBB2B448C8394F31D1F94299A1CEC2A	EB7187E38F5F13D4EBC756E80DE958789FBB2B448C8394F31D1F94299A1CEC2A	copied unmodified; selected from captured item component by a precomputed lookup and decoded lazily on first use
overrides/items/variants/minecraft/enchanted_book/feather_falling1.png	minecraft:enchanted_book	Vanilla CIT Enchanted Books.zip!assets/minecraft/textures/item/feather_falling1.png	3402F19BB1A03845B89F370F9E4C055D6E706B6FA72BD0D43A4CEDFE9B33AE2E	3402F19BB1A03845B89F370F9E4C055D6E706B6FA72BD0D43A4CEDFE9B33AE2E	copied unmodified; selected from captured item component by a precomputed lookup and decoded lazily on first use
overrides/items/variants/minecraft/enchanted_book/feather_falling2.png	minecraft:enchanted_book	Vanilla CIT Enchanted Books.zip!assets/minecraft/textures/item/feather_falling2.png	B1FFC2D22679621FB8C855BD63EE455C313E3806BB4267D910696E069DFE3981	B1FFC2D22679621FB8C855BD63EE455C313E3806BB4267D910696E069DFE3981	copied unmodified; selected from captured item component by a precomputed lookup and decoded lazily on first use
overrides/items/variants/minecraft/enchanted_book/feather_falling3.png	minecraft:enchanted_book	Vanilla CIT Enchanted Books.zip!assets/minecraft/textures/item/feather_falling3.png	5AFBAC424667153830D25DDF04EF8EDF483FD19378F013666903D47D17E89600	5AFBAC424667153830D25DDF04EF8EDF483FD19378F013666903D47D17E89600	copied unmodified; selected from captured item component by a precomputed lookup and decoded lazily on first use
overrides/items/variants/minecraft/enchanted_book/feather_falling4.png	minecraft:enchanted_book	Vanilla CIT Enchanted Books.zip!assets/minecraft/textures/item/feather_falling4.png	4E7CE2947C301890BBEC491705FB51C13641319259F589A53B42BDA478E89A9C	4E7CE2947C301890BBEC491705FB51C13641319259F589A53B42BDA478E89A9C	copied unmodified; selected from captured item component by a precomputed lookup and decoded lazily on first use
overrides/items/variants/minecraft/enchanted_book/fire_aspect1.png	minecraft:enchanted_book	Vanilla CIT Enchanted Books.zip!assets/minecraft/textures/item/fire_aspect1.png	4114B39C647B09F4D52113AAFCD4B7FDC4DB8FA83327B5DDB9C18D01D9A903D7	4114B39C647B09F4D52113AAFCD4B7FDC4DB8FA83327B5DDB9C18D01D9A903D7	copied unmodified; selected from captured item component by a precomputed lookup and decoded lazily on first use
overrides/items/variants/minecraft/enchanted_book/fire_aspect2.png	minecraft:enchanted_book	Vanilla CIT Enchanted Books.zip!assets/minecraft/textures/item/fire_aspect2.png	C5A8EB2B0C891E8A4CAF2C41EB2D9C28946982120D8D7EB33860285B81CF476D	C5A8EB2B0C891E8A4CAF2C41EB2D9C28946982120D8D7EB33860285B81CF476D	copied unmodified; selected from captured item component by a precomputed lookup and decoded lazily on first use
overrides/items/variants/minecraft/enchanted_book/fire_protection1.png	minecraft:enchanted_book	Vanilla CIT Enchanted Books.zip!assets/minecraft/textures/item/fire_protection1.png	22A741172A1C43CDF472D2749863117201875EFF7CD3E6392E293D08C0D972FA	22A741172A1C43CDF472D2749863117201875EFF7CD3E6392E293D08C0D972FA	copied unmodified; selected from captured item component by a precomputed lookup and decoded lazily on first use
overrides/items/variants/minecraft/enchanted_book/fire_protection2.png	minecraft:enchanted_book	Vanilla CIT Enchanted Books.zip!assets/minecraft/textures/item/fire_protection2.png	7424FAF4CD99FD114628102D479652AE1FB91E7DC920AC7F61DCC453369353A4	7424FAF4CD99FD114628102D479652AE1FB91E7DC920AC7F61DCC453369353A4	copied unmodified; selected from captured item component by a precomputed lookup and decoded lazily on first use
overrides/items/variants/minecraft/enchanted_book/fire_protection3.png	minecraft:enchanted_book	Vanilla CIT Enchanted Books.zip!assets/minecraft/textures/item/fire_protection3.png	137EFBC6CC515F94B22DA11F6CA50230DCE5B178D87AF8A4828BB42BD82495CC	137EFBC6CC515F94B22DA11F6CA50230DCE5B178D87AF8A4828BB42BD82495CC	copied unmodified; selected from captured item component by a precomputed lookup and decoded lazily on first use
overrides/items/variants/minecraft/enchanted_book/fire_protection4.png	minecraft:enchanted_book	Vanilla CIT Enchanted Books.zip!assets/minecraft/textures/item/fire_protection4.png	641F8FBC598D5C0C6F0B314148E3F4DB3A1E2E3F995BB177DEA6EBDD3D324BF2	641F8FBC598D5C0C6F0B314148E3F4DB3A1E2E3F995BB177DEA6EBDD3D324BF2	copied unmodified; selected from captured item component by a precomputed lookup and decoded lazily on first use
overrides/items/variants/minecraft/enchanted_book/flame.png	minecraft:enchanted_book	Vanilla CIT Enchanted Books.zip!assets/minecraft/textures/item/flame.png	DCF4F799598BF8636DE86AAAE1D2DFDD3936685CDA0CD314E7788495BDFBD3C0	DCF4F799598BF8636DE86AAAE1D2DFDD3936685CDA0CD314E7788495BDFBD3C0	copied unmodified; selected from captured item component by a precomputed lookup and decoded lazily on first use
overrides/items/variants/minecraft/enchanted_book/fortune1.png	minecraft:enchanted_book	Vanilla CIT Enchanted Books.zip!assets/minecraft/textures/item/fortune1.png	72C94C66447547F94444EFCCB96B3FADD0F7EFDF4DDA69BA23BCB42260AB4E31	72C94C66447547F94444EFCCB96B3FADD0F7EFDF4DDA69BA23BCB42260AB4E31	copied unmodified; selected from captured item component by a precomputed lookup and decoded lazily on first use
overrides/items/variants/minecraft/enchanted_book/fortune2.png	minecraft:enchanted_book	Vanilla CIT Enchanted Books.zip!assets/minecraft/textures/item/fortune2.png	91C80BF6E2BB6E2513B14714F0630B2E6A98A36CA67FB496A415D32303E067C5	91C80BF6E2BB6E2513B14714F0630B2E6A98A36CA67FB496A415D32303E067C5	copied unmodified; selected from captured item component by a precomputed lookup and decoded lazily on first use
overrides/items/variants/minecraft/enchanted_book/fortune3.png	minecraft:enchanted_book	Vanilla CIT Enchanted Books.zip!assets/minecraft/textures/item/fortune3.png	81DA13A7BC85AB8D367116C6F220F73C1D02F2B8C7E6F65928136D6C675AFDBF	81DA13A7BC85AB8D367116C6F220F73C1D02F2B8C7E6F65928136D6C675AFDBF	copied unmodified; selected from captured item component by a precomputed lookup and decoded lazily on first use
overrides/items/variants/minecraft/enchanted_book/frost_walker1.png	minecraft:enchanted_book	Vanilla CIT Enchanted Books.zip!assets/minecraft/textures/item/frost_walker1.png	6DCCDD4AA51E5FAB2A5D3DA5FB9E6120A7B58C11E04DE03944F3DA297525BA23	6DCCDD4AA51E5FAB2A5D3DA5FB9E6120A7B58C11E04DE03944F3DA297525BA23	copied unmodified; selected from captured item component by a precomputed lookup and decoded lazily on first use
overrides/items/variants/minecraft/enchanted_book/frost_walker2.png	minecraft:enchanted_book	Vanilla CIT Enchanted Books.zip!assets/minecraft/textures/item/frost_walker2.png	6DF130F42BF8FB826504457594A7AF328CB836D4DF093725E80301EB0B8E29AD	6DF130F42BF8FB826504457594A7AF328CB836D4DF093725E80301EB0B8E29AD	copied unmodified; selected from captured item component by a precomputed lookup and decoded lazily on first use
overrides/items/variants/minecraft/enchanted_book/impaling1.png	minecraft:enchanted_book	Vanilla CIT Enchanted Books.zip!assets/minecraft/textures/item/impaling1.png	9D5AB4C7F163D080A78ED3F071EEC8E485741A198BD0BA16303930CB18F3A868	9D5AB4C7F163D080A78ED3F071EEC8E485741A198BD0BA16303930CB18F3A868	copied unmodified; selected from captured item component by a precomputed lookup and decoded lazily on first use
overrides/items/variants/minecraft/enchanted_book/impaling2.png	minecraft:enchanted_book	Vanilla CIT Enchanted Books.zip!assets/minecraft/textures/item/impaling2.png	998302C49CC750B076FC3FCD8950734FCCE538EE6B782E524D3D004126AF55CF	998302C49CC750B076FC3FCD8950734FCCE538EE6B782E524D3D004126AF55CF	copied unmodified; selected from captured item component by a precomputed lookup and decoded lazily on first use
overrides/items/variants/minecraft/enchanted_book/impaling3.png	minecraft:enchanted_book	Vanilla CIT Enchanted Books.zip!assets/minecraft/textures/item/impaling3.png	C433F5B6DC530A74F0B5D1EE1B4123D9FCE55CBD2AD10B210A185441FAADCF88	C433F5B6DC530A74F0B5D1EE1B4123D9FCE55CBD2AD10B210A185441FAADCF88	copied unmodified; selected from captured item component by a precomputed lookup and decoded lazily on first use
overrides/items/variants/minecraft/enchanted_book/impaling4.png	minecraft:enchanted_book	Vanilla CIT Enchanted Books.zip!assets/minecraft/textures/item/impaling4.png	240E5EA548EE8CC71FDE7FB3FC4E33FF634FC5EAF57E1AC99DDA2692D28A0D44	240E5EA548EE8CC71FDE7FB3FC4E33FF634FC5EAF57E1AC99DDA2692D28A0D44	copied unmodified; selected from captured item component by a precomputed lookup and decoded lazily on first use
overrides/items/variants/minecraft/enchanted_book/impaling5.png	minecraft:enchanted_book	Vanilla CIT Enchanted Books.zip!assets/minecraft/textures/item/impaling5.png	F3DFFCDE82E9DAA8424710787E9D6CDBC1F26216F61C11B7284E877E8D656504	F3DFFCDE82E9DAA8424710787E9D6CDBC1F26216F61C11B7284E877E8D656504	copied unmodified; selected from captured item component by a precomputed lookup and decoded lazily on first use
overrides/items/variants/minecraft/enchanted_book/infinity.png	minecraft:enchanted_book	Vanilla CIT Enchanted Books.zip!assets/minecraft/textures/item/infinity.png	2DE623CF87F484F6C4D6B41E9F88E8548B75B19BDA4A572209134F936152C7E7	2DE623CF87F484F6C4D6B41E9F88E8548B75B19BDA4A572209134F936152C7E7	copied unmodified; selected from captured item component by a precomputed lookup and decoded lazily on first use
overrides/items/variants/minecraft/enchanted_book/knockback1.png	minecraft:enchanted_book	Vanilla CIT Enchanted Books.zip!assets/minecraft/textures/item/knockback1.png	A2504F863B9ECD19479BEE8DF4B3BEB80B7783EAD179AB2462E321FFD4F4988F	A2504F863B9ECD19479BEE8DF4B3BEB80B7783EAD179AB2462E321FFD4F4988F	copied unmodified; selected from captured item component by a precomputed lookup and decoded lazily on first use
overrides/items/variants/minecraft/enchanted_book/knockback2.png	minecraft:enchanted_book	Vanilla CIT Enchanted Books.zip!assets/minecraft/textures/item/knockback2.png	7D30D47150DC93E665A6451CF4742261BE1E53BAA164ED08B2B7295F0113F151	7D30D47150DC93E665A6451CF4742261BE1E53BAA164ED08B2B7295F0113F151	copied unmodified; selected from captured item component by a precomputed lookup and decoded lazily on first use
overrides/items/variants/minecraft/enchanted_book/looting1.png	minecraft:enchanted_book	Vanilla CIT Enchanted Books.zip!assets/minecraft/textures/item/looting1.png	D182C155263E74F01947F62AACBDE4AE122A43ADBF463FAB72DB83589EA6E6B8	D182C155263E74F01947F62AACBDE4AE122A43ADBF463FAB72DB83589EA6E6B8	copied unmodified; selected from captured item component by a precomputed lookup and decoded lazily on first use
overrides/items/variants/minecraft/enchanted_book/looting2.png	minecraft:enchanted_book	Vanilla CIT Enchanted Books.zip!assets/minecraft/textures/item/looting2.png	837494C24C0CB87889B2AE034CFC8C3D6BF91CC2C831BA2757B78ED1BFD31B8B	837494C24C0CB87889B2AE034CFC8C3D6BF91CC2C831BA2757B78ED1BFD31B8B	copied unmodified; selected from captured item component by a precomputed lookup and decoded lazily on first use
overrides/items/variants/minecraft/enchanted_book/looting3.png	minecraft:enchanted_book	Vanilla CIT Enchanted Books.zip!assets/minecraft/textures/item/looting3.png	C9FFE2AB9AAD8C9245F1A44C1C79D98682843BAFF38C5B4CA13DE7D56502FC38	C9FFE2AB9AAD8C9245F1A44C1C79D98682843BAFF38C5B4CA13DE7D56502FC38	copied unmodified; selected from captured item component by a precomputed lookup and decoded lazily on first use
overrides/items/variants/minecraft/enchanted_book/loyalty1.png	minecraft:enchanted_book	Vanilla CIT Enchanted Books.zip!assets/minecraft/textures/item/loyalty1.png	D35B5AF199982344E8FFDA07489460992C4096604D08272A11B8FDF8815C958D	D35B5AF199982344E8FFDA07489460992C4096604D08272A11B8FDF8815C958D	copied unmodified; selected from captured item component by a precomputed lookup and decoded lazily on first use
overrides/items/variants/minecraft/enchanted_book/loyalty2.png	minecraft:enchanted_book	Vanilla CIT Enchanted Books.zip!assets/minecraft/textures/item/loyalty2.png	357FEE76FFD62313D669C48FB570D9749AC9FC980B7A426CB3513A0A0A2AEA25	357FEE76FFD62313D669C48FB570D9749AC9FC980B7A426CB3513A0A0A2AEA25	copied unmodified; selected from captured item component by a precomputed lookup and decoded lazily on first use
overrides/items/variants/minecraft/enchanted_book/loyalty3.png	minecraft:enchanted_book	Vanilla CIT Enchanted Books.zip!assets/minecraft/textures/item/loyalty3.png	04917FFB3417285F18B086814E06BDA206C6E3E703252F2F08025D4ED9743405	04917FFB3417285F18B086814E06BDA206C6E3E703252F2F08025D4ED9743405	copied unmodified; selected from captured item component by a precomputed lookup and decoded lazily on first use
overrides/items/variants/minecraft/enchanted_book/luck_of_the_sea1.png	minecraft:enchanted_book	Vanilla CIT Enchanted Books.zip!assets/minecraft/textures/item/luck_of_the_sea1.png	4F54B68667CA315957C998CAC4B31676E675E8C0E0E019403A6A95343744286E	4F54B68667CA315957C998CAC4B31676E675E8C0E0E019403A6A95343744286E	copied unmodified; selected from captured item component by a precomputed lookup and decoded lazily on first use
overrides/items/variants/minecraft/enchanted_book/luck_of_the_sea2.png	minecraft:enchanted_book	Vanilla CIT Enchanted Books.zip!assets/minecraft/textures/item/luck_of_the_sea2.png	94680DECB1B8AA57EA5F1E973A9DAD804EF9F14C2579549849F77C39228345CA	94680DECB1B8AA57EA5F1E973A9DAD804EF9F14C2579549849F77C39228345CA	copied unmodified; selected from captured item component by a precomputed lookup and decoded lazily on first use
overrides/items/variants/minecraft/enchanted_book/luck_of_the_sea3.png	minecraft:enchanted_book	Vanilla CIT Enchanted Books.zip!assets/minecraft/textures/item/luck_of_the_sea3.png	F2DF330E04A3B0B00DCB3C670BFEB81D21927AD06A9C0235F0CFD51DF9466EE2	F2DF330E04A3B0B00DCB3C670BFEB81D21927AD06A9C0235F0CFD51DF9466EE2	copied unmodified; selected from captured item component by a precomputed lookup and decoded lazily on first use
overrides/items/variants/minecraft/enchanted_book/lunge1.png	minecraft:enchanted_book	Vanilla CIT Enchanted Books.zip!assets/minecraft/textures/item/lunge1.png	9606F03BF63D03FBF103B8833E1E140DB4F02705AAC01E1CF03168E8F7A3C838	9606F03BF63D03FBF103B8833E1E140DB4F02705AAC01E1CF03168E8F7A3C838	copied unmodified; selected from captured item component by a precomputed lookup and decoded lazily on first use
overrides/items/variants/minecraft/enchanted_book/lunge2.png	minecraft:enchanted_book	Vanilla CIT Enchanted Books.zip!assets/minecraft/textures/item/lunge2.png	6CB8DEA8ED186ADDB2D4F9CD404EEB2B6B9A8085473CCA4F20A3FB835533C17C	6CB8DEA8ED186ADDB2D4F9CD404EEB2B6B9A8085473CCA4F20A3FB835533C17C	copied unmodified; selected from captured item component by a precomputed lookup and decoded lazily on first use
overrides/items/variants/minecraft/enchanted_book/lunge3.png	minecraft:enchanted_book	Vanilla CIT Enchanted Books.zip!assets/minecraft/textures/item/lunge3.png	657DC492EF4A5F3907443BDD2D8B8EE7A2C4EFBDF3B1C2E0106F769B87B118B7	657DC492EF4A5F3907443BDD2D8B8EE7A2C4EFBDF3B1C2E0106F769B87B118B7	copied unmodified; selected from captured item component by a precomputed lookup and decoded lazily on first use
overrides/items/variants/minecraft/enchanted_book/lure1.png	minecraft:enchanted_book	Vanilla CIT Enchanted Books.zip!assets/minecraft/textures/item/lure1.png	E99AD6866B4D9B4B72A87D07B11242AB56D0F881EFAABB10EF7BAD823F91C308	E99AD6866B4D9B4B72A87D07B11242AB56D0F881EFAABB10EF7BAD823F91C308	copied unmodified; selected from captured item component by a precomputed lookup and decoded lazily on first use
overrides/items/variants/minecraft/enchanted_book/lure2.png	minecraft:enchanted_book	Vanilla CIT Enchanted Books.zip!assets/minecraft/textures/item/lure2.png	4313194172D526003D4141619DA3AAA280A1D1AF4938161D49877582B7D4F9D8	4313194172D526003D4141619DA3AAA280A1D1AF4938161D49877582B7D4F9D8	copied unmodified; selected from captured item component by a precomputed lookup and decoded lazily on first use
overrides/items/variants/minecraft/enchanted_book/lure3.png	minecraft:enchanted_book	Vanilla CIT Enchanted Books.zip!assets/minecraft/textures/item/lure3.png	F7E2CC87F2205C5BE23700E546718B5395D9CE49125F704F354C97C3A9920239	F7E2CC87F2205C5BE23700E546718B5395D9CE49125F704F354C97C3A9920239	copied unmodified; selected from captured item component by a precomputed lookup and decoded lazily on first use
overrides/items/variants/minecraft/enchanted_book/mending.png	minecraft:enchanted_book	Vanilla CIT Enchanted Books.zip!assets/minecraft/textures/item/mending.png	CEDEF261FCF4F2515AF46B1A3842CEC6F22EC75EBED4553C5ED4EE73E09EEBD0	CEDEF261FCF4F2515AF46B1A3842CEC6F22EC75EBED4553C5ED4EE73E09EEBD0	copied unmodified; selected from captured item component by a precomputed lookup and decoded lazily on first use
overrides/items/variants/minecraft/enchanted_book/multishot.png	minecraft:enchanted_book	Vanilla CIT Enchanted Books.zip!assets/minecraft/textures/item/multishot.png	895263A8B6CBE2A8180EB0A610834CED98F475AA8E9141A4E79E1E5F9C5FE4EF	895263A8B6CBE2A8180EB0A610834CED98F475AA8E9141A4E79E1E5F9C5FE4EF	copied unmodified; selected from captured item component by a precomputed lookup and decoded lazily on first use
overrides/items/variants/minecraft/enchanted_book/piercing1.png	minecraft:enchanted_book	Vanilla CIT Enchanted Books.zip!assets/minecraft/textures/item/piercing1.png	C6F701F412F87731E01AE8215167AE74397AF5A93BEE58CA26F164B389872233	C6F701F412F87731E01AE8215167AE74397AF5A93BEE58CA26F164B389872233	copied unmodified; selected from captured item component by a precomputed lookup and decoded lazily on first use
overrides/items/variants/minecraft/enchanted_book/piercing2.png	minecraft:enchanted_book	Vanilla CIT Enchanted Books.zip!assets/minecraft/textures/item/piercing2.png	6DACA9A9247EA5CB7B63A10877F97D42348B44C888837BDB476BD5934D5C4E65	6DACA9A9247EA5CB7B63A10877F97D42348B44C888837BDB476BD5934D5C4E65	copied unmodified; selected from captured item component by a precomputed lookup and decoded lazily on first use
overrides/items/variants/minecraft/enchanted_book/piercing3.png	minecraft:enchanted_book	Vanilla CIT Enchanted Books.zip!assets/minecraft/textures/item/piercing3.png	45234E12A71FF79F69774A71A45623F701519BD79D1706A4EAA396C61513738F	45234E12A71FF79F69774A71A45623F701519BD79D1706A4EAA396C61513738F	copied unmodified; selected from captured item component by a precomputed lookup and decoded lazily on first use
overrides/items/variants/minecraft/enchanted_book/piercing4.png	minecraft:enchanted_book	Vanilla CIT Enchanted Books.zip!assets/minecraft/textures/item/piercing4.png	3CF250B31B795C841F432EFDFFE1639126EAB16DB52C79D77F6EF9AB70E15035	3CF250B31B795C841F432EFDFFE1639126EAB16DB52C79D77F6EF9AB70E15035	copied unmodified; selected from captured item component by a precomputed lookup and decoded lazily on first use
overrides/items/variants/minecraft/enchanted_book/power1.png	minecraft:enchanted_book	Vanilla CIT Enchanted Books.zip!assets/minecraft/textures/item/power1.png	650C09189C03D407C327D6DE1C3F1DD687D7E6C55CE76BDA34300DCBD72761EC	650C09189C03D407C327D6DE1C3F1DD687D7E6C55CE76BDA34300DCBD72761EC	copied unmodified; selected from captured item component by a precomputed lookup and decoded lazily on first use
overrides/items/variants/minecraft/enchanted_book/power2.png	minecraft:enchanted_book	Vanilla CIT Enchanted Books.zip!assets/minecraft/textures/item/power2.png	18C3C77D695F18E2DFACD4A30B3762645AACF8BC1EF5CE2866B705C2C1BFE98D	18C3C77D695F18E2DFACD4A30B3762645AACF8BC1EF5CE2866B705C2C1BFE98D	copied unmodified; selected from captured item component by a precomputed lookup and decoded lazily on first use
overrides/items/variants/minecraft/enchanted_book/power3.png	minecraft:enchanted_book	Vanilla CIT Enchanted Books.zip!assets/minecraft/textures/item/power3.png	A21B8B3466C72290F7EA2F20F0AB4A6A9DD3549A061DB2731785A856146ECE33	A21B8B3466C72290F7EA2F20F0AB4A6A9DD3549A061DB2731785A856146ECE33	copied unmodified; selected from captured item component by a precomputed lookup and decoded lazily on first use
overrides/items/variants/minecraft/enchanted_book/power4.png	minecraft:enchanted_book	Vanilla CIT Enchanted Books.zip!assets/minecraft/textures/item/power4.png	FED44FD86B867BB7A80C155193B4A357124D54009D9CA6E4E48C283166D8310F	FED44FD86B867BB7A80C155193B4A357124D54009D9CA6E4E48C283166D8310F	copied unmodified; selected from captured item component by a precomputed lookup and decoded lazily on first use
overrides/items/variants/minecraft/enchanted_book/power5.png	minecraft:enchanted_book	Vanilla CIT Enchanted Books.zip!assets/minecraft/textures/item/power5.png	9367F2C92EB41C3B5C9716BD9BEF4B5EAC3F90969C2E69BC33A48613EDC26520	9367F2C92EB41C3B5C9716BD9BEF4B5EAC3F90969C2E69BC33A48613EDC26520	copied unmodified; selected from captured item component by a precomputed lookup and decoded lazily on first use
overrides/items/variants/minecraft/enchanted_book/projectile_protection1.png	minecraft:enchanted_book	Vanilla CIT Enchanted Books.zip!assets/minecraft/textures/item/projectile_protection1.png	09165EBBF7EC43A3458A7208F5E300D478357220A555F8344F67E7187DA9A84E	09165EBBF7EC43A3458A7208F5E300D478357220A555F8344F67E7187DA9A84E	copied unmodified; selected from captured item component by a precomputed lookup and decoded lazily on first use
overrides/items/variants/minecraft/enchanted_book/projectile_protection2.png	minecraft:enchanted_book	Vanilla CIT Enchanted Books.zip!assets/minecraft/textures/item/projectile_protection2.png	7ADB7111A41E262A42F370D63CD7195675A705BFC750FCD8B50A0C14E0E7B57B	7ADB7111A41E262A42F370D63CD7195675A705BFC750FCD8B50A0C14E0E7B57B	copied unmodified; selected from captured item component by a precomputed lookup and decoded lazily on first use
overrides/items/variants/minecraft/enchanted_book/projectile_protection3.png	minecraft:enchanted_book	Vanilla CIT Enchanted Books.zip!assets/minecraft/textures/item/projectile_protection3.png	E414FDCD9B1567BB09549077CDBDE91BE7A726D83832F6D91F6530EF50F84A7B	E414FDCD9B1567BB09549077CDBDE91BE7A726D83832F6D91F6530EF50F84A7B	copied unmodified; selected from captured item component by a precomputed lookup and decoded lazily on first use
overrides/items/variants/minecraft/enchanted_book/projectile_protection4.png	minecraft:enchanted_book	Vanilla CIT Enchanted Books.zip!assets/minecraft/textures/item/projectile_protection4.png	E82CD98CE0D1C12C7F84541BE59C75D7F6811EE7B31EB2A802A0B5115269AA75	E82CD98CE0D1C12C7F84541BE59C75D7F6811EE7B31EB2A802A0B5115269AA75	copied unmodified; selected from captured item component by a precomputed lookup and decoded lazily on first use
overrides/items/variants/minecraft/enchanted_book/protection1.png	minecraft:enchanted_book	Vanilla CIT Enchanted Books.zip!assets/minecraft/textures/item/protection1.png	F3AA406D4577187E7F5BE64C90B60755563D4BE0769404D9D4C092BB9397F54C	F3AA406D4577187E7F5BE64C90B60755563D4BE0769404D9D4C092BB9397F54C	copied unmodified; selected from captured item component by a precomputed lookup and decoded lazily on first use
overrides/items/variants/minecraft/enchanted_book/protection2.png	minecraft:enchanted_book	Vanilla CIT Enchanted Books.zip!assets/minecraft/textures/item/protection2.png	E22404142EE7DB8F47FF2FE950B330FF7F9A4D52CED47F97B9D8371A9C3275A8	E22404142EE7DB8F47FF2FE950B330FF7F9A4D52CED47F97B9D8371A9C3275A8	copied unmodified; selected from captured item component by a precomputed lookup and decoded lazily on first use
overrides/items/variants/minecraft/enchanted_book/protection3.png	minecraft:enchanted_book	Vanilla CIT Enchanted Books.zip!assets/minecraft/textures/item/protection3.png	702C32AA2A642BA2A6459BBE7A71D28683EF7B9AA686737E96E6486D124F4170	702C32AA2A642BA2A6459BBE7A71D28683EF7B9AA686737E96E6486D124F4170	copied unmodified; selected from captured item component by a precomputed lookup and decoded lazily on first use
overrides/items/variants/minecraft/enchanted_book/protection4.png	minecraft:enchanted_book	Vanilla CIT Enchanted Books.zip!assets/minecraft/textures/item/protection4.png	AF1EC4BB0F0C8793F5230DA9F042EDEE7EE2AD7254540E40D06946F1CA52B87A	AF1EC4BB0F0C8793F5230DA9F042EDEE7EE2AD7254540E40D06946F1CA52B87A	copied unmodified; selected from captured item component by a precomputed lookup and decoded lazily on first use
overrides/items/variants/minecraft/enchanted_book/punch1.png	minecraft:enchanted_book	Vanilla CIT Enchanted Books.zip!assets/minecraft/textures/item/punch1.png	08DEF53783726940B625285BED5872129F713A751695F265A079CFCDF6112DCB	08DEF53783726940B625285BED5872129F713A751695F265A079CFCDF6112DCB	copied unmodified; selected from captured item component by a precomputed lookup and decoded lazily on first use
overrides/items/variants/minecraft/enchanted_book/punch2.png	minecraft:enchanted_book	Vanilla CIT Enchanted Books.zip!assets/minecraft/textures/item/punch2.png	DD163E938625D57CC1A8D4EA42D148FAB1A289D407CFDC78F2200C63E268181F	DD163E938625D57CC1A8D4EA42D148FAB1A289D407CFDC78F2200C63E268181F	copied unmodified; selected from captured item component by a precomputed lookup and decoded lazily on first use
overrides/items/variants/minecraft/enchanted_book/quick_charge1.png	minecraft:enchanted_book	Vanilla CIT Enchanted Books.zip!assets/minecraft/textures/item/quick_charge1.png	1FC0118BAC1E15A3CAE3627B6F094D8C5342052E0F04E2ECA3803076D70359C8	1FC0118BAC1E15A3CAE3627B6F094D8C5342052E0F04E2ECA3803076D70359C8	copied unmodified; selected from captured item component by a precomputed lookup and decoded lazily on first use
overrides/items/variants/minecraft/enchanted_book/quick_charge2.png	minecraft:enchanted_book	Vanilla CIT Enchanted Books.zip!assets/minecraft/textures/item/quick_charge2.png	E0CF46170E4F96DE42B4FD8FE62DD840E2F826A64030B3B026A23C4FED9278D3	E0CF46170E4F96DE42B4FD8FE62DD840E2F826A64030B3B026A23C4FED9278D3	copied unmodified; selected from captured item component by a precomputed lookup and decoded lazily on first use
overrides/items/variants/minecraft/enchanted_book/quick_charge3.png	minecraft:enchanted_book	Vanilla CIT Enchanted Books.zip!assets/minecraft/textures/item/quick_charge3.png	2BBDC7B0DE04D40AF809C9EAF436B64C9C7DE5AE64663A9E9A2D3F76CC044AD1	2BBDC7B0DE04D40AF809C9EAF436B64C9C7DE5AE64663A9E9A2D3F76CC044AD1	copied unmodified; selected from captured item component by a precomputed lookup and decoded lazily on first use
overrides/items/variants/minecraft/enchanted_book/respiration1.png	minecraft:enchanted_book	Vanilla CIT Enchanted Books.zip!assets/minecraft/textures/item/respiration1.png	F706EFD024B03CDFFE39AA3C50977566871E3B0E34139A45C7621FAB64D43C85	F706EFD024B03CDFFE39AA3C50977566871E3B0E34139A45C7621FAB64D43C85	copied unmodified; selected from captured item component by a precomputed lookup and decoded lazily on first use
overrides/items/variants/minecraft/enchanted_book/respiration2.png	minecraft:enchanted_book	Vanilla CIT Enchanted Books.zip!assets/minecraft/textures/item/respiration2.png	E95294C1C7BF0C4AA03673766EA1F23A32D0FB348E919924D060514B95375641	E95294C1C7BF0C4AA03673766EA1F23A32D0FB348E919924D060514B95375641	copied unmodified; selected from captured item component by a precomputed lookup and decoded lazily on first use
overrides/items/variants/minecraft/enchanted_book/respiration3.png	minecraft:enchanted_book	Vanilla CIT Enchanted Books.zip!assets/minecraft/textures/item/respiration3.png	3F886B20334E1857A5D3B4CD548632F9213AC157CD9C383625E1055DF54941B9	3F886B20334E1857A5D3B4CD548632F9213AC157CD9C383625E1055DF54941B9	copied unmodified; selected from captured item component by a precomputed lookup and decoded lazily on first use
overrides/items/variants/minecraft/enchanted_book/riptide1.png	minecraft:enchanted_book	Vanilla CIT Enchanted Books.zip!assets/minecraft/textures/item/riptide1.png	6D3E9F355B6ED2B8575BC9A3B7E287FC8682E2C7A3FB1C9E064AE98402839A11	6D3E9F355B6ED2B8575BC9A3B7E287FC8682E2C7A3FB1C9E064AE98402839A11	copied unmodified; selected from captured item component by a precomputed lookup and decoded lazily on first use
overrides/items/variants/minecraft/enchanted_book/riptide2.png	minecraft:enchanted_book	Vanilla CIT Enchanted Books.zip!assets/minecraft/textures/item/riptide2.png	ABDB5FC62E82809BD59EFAD276C24512C2D105CED58A8DBF763F3F610DF3A2B6	ABDB5FC62E82809BD59EFAD276C24512C2D105CED58A8DBF763F3F610DF3A2B6	copied unmodified; selected from captured item component by a precomputed lookup and decoded lazily on first use
overrides/items/variants/minecraft/enchanted_book/riptide3.png	minecraft:enchanted_book	Vanilla CIT Enchanted Books.zip!assets/minecraft/textures/item/riptide3.png	857CB67DFB3D36F34BCB820990CA393F695AF5875F16C486FEAF97F49B7D2E6D	857CB67DFB3D36F34BCB820990CA393F695AF5875F16C486FEAF97F49B7D2E6D	copied unmodified; selected from captured item component by a precomputed lookup and decoded lazily on first use
overrides/items/variants/minecraft/enchanted_book/sharpness1.png	minecraft:enchanted_book	Vanilla CIT Enchanted Books.zip!assets/minecraft/textures/item/sharpness1.png	28E231AA46C7C0C9F893444E96FCE34006BBB8B64EEFC697EE9BFDC12956BD9F	28E231AA46C7C0C9F893444E96FCE34006BBB8B64EEFC697EE9BFDC12956BD9F	copied unmodified; selected from captured item component by a precomputed lookup and decoded lazily on first use
overrides/items/variants/minecraft/enchanted_book/sharpness2.png	minecraft:enchanted_book	Vanilla CIT Enchanted Books.zip!assets/minecraft/textures/item/sharpness2.png	3E19B7888C26286A00502FF42DE937F0AFBE7217071107E096675B13E9189664	3E19B7888C26286A00502FF42DE937F0AFBE7217071107E096675B13E9189664	copied unmodified; selected from captured item component by a precomputed lookup and decoded lazily on first use
overrides/items/variants/minecraft/enchanted_book/sharpness3.png	minecraft:enchanted_book	Vanilla CIT Enchanted Books.zip!assets/minecraft/textures/item/sharpness3.png	91DD5304680EA9C321ED65D2BD7CE24EAB46844E548A8DAD92EDE1FF4ED5C357	91DD5304680EA9C321ED65D2BD7CE24EAB46844E548A8DAD92EDE1FF4ED5C357	copied unmodified; selected from captured item component by a precomputed lookup and decoded lazily on first use
overrides/items/variants/minecraft/enchanted_book/sharpness4.png	minecraft:enchanted_book	Vanilla CIT Enchanted Books.zip!assets/minecraft/textures/item/sharpness4.png	74EFE1390CE14E572C79D1D3EA9D2B41799BAAC2039F0BA12BE6892A64116C11	74EFE1390CE14E572C79D1D3EA9D2B41799BAAC2039F0BA12BE6892A64116C11	copied unmodified; selected from captured item component by a precomputed lookup and decoded lazily on first use
overrides/items/variants/minecraft/enchanted_book/sharpness5.png	minecraft:enchanted_book	Vanilla CIT Enchanted Books.zip!assets/minecraft/textures/item/sharpness5.png	B3310D30541FF9CE91262506B2D34F860A6725DF8E3EFE7D5F79A2049B69187E	B3310D30541FF9CE91262506B2D34F860A6725DF8E3EFE7D5F79A2049B69187E	copied unmodified; selected from captured item component by a precomputed lookup and decoded lazily on first use
overrides/items/variants/minecraft/enchanted_book/silk_touch.png	minecraft:enchanted_book	Vanilla CIT Enchanted Books.zip!assets/minecraft/textures/item/silk_touch.png	38DD7FBFA3F5A4AA8CBC3BC9B5F98162D64058F9F4B88C71BF930B77BD33D88E	38DD7FBFA3F5A4AA8CBC3BC9B5F98162D64058F9F4B88C71BF930B77BD33D88E	copied unmodified; selected from captured item component by a precomputed lookup and decoded lazily on first use
overrides/items/variants/minecraft/enchanted_book/smite1.png	minecraft:enchanted_book	Vanilla CIT Enchanted Books.zip!assets/minecraft/textures/item/smite1.png	597FE570F64090F7779E7731CFB724E78D0374CB9A596BFA47A19D031B25BF54	597FE570F64090F7779E7731CFB724E78D0374CB9A596BFA47A19D031B25BF54	copied unmodified; selected from captured item component by a precomputed lookup and decoded lazily on first use
overrides/items/variants/minecraft/enchanted_book/smite2.png	minecraft:enchanted_book	Vanilla CIT Enchanted Books.zip!assets/minecraft/textures/item/smite2.png	C3B5A5B49E0ECE5FEF3BD7895FFB92C38D898EFE0F027790BB06942CB2657BF3	C3B5A5B49E0ECE5FEF3BD7895FFB92C38D898EFE0F027790BB06942CB2657BF3	copied unmodified; selected from captured item component by a precomputed lookup and decoded lazily on first use
overrides/items/variants/minecraft/enchanted_book/smite3.png	minecraft:enchanted_book	Vanilla CIT Enchanted Books.zip!assets/minecraft/textures/item/smite3.png	548817542B432A5DB7BC237A3A5CC7C698130DBE309345633F326C2FDAD62ACB	548817542B432A5DB7BC237A3A5CC7C698130DBE309345633F326C2FDAD62ACB	copied unmodified; selected from captured item component by a precomputed lookup and decoded lazily on first use
overrides/items/variants/minecraft/enchanted_book/smite4.png	minecraft:enchanted_book	Vanilla CIT Enchanted Books.zip!assets/minecraft/textures/item/smite4.png	5DAEC3FDF7C2B7751A2A078E4BA1B4706138E6FF30E0A6799A3EDEB356AF207F	5DAEC3FDF7C2B7751A2A078E4BA1B4706138E6FF30E0A6799A3EDEB356AF207F	copied unmodified; selected from captured item component by a precomputed lookup and decoded lazily on first use
overrides/items/variants/minecraft/enchanted_book/smite5.png	minecraft:enchanted_book	Vanilla CIT Enchanted Books.zip!assets/minecraft/textures/item/smite5.png	81D90725A391AC470EEDC0066264D1D5F4BBA909ED0B196DBB938B79507A965A	81D90725A391AC470EEDC0066264D1D5F4BBA909ED0B196DBB938B79507A965A	copied unmodified; selected from captured item component by a precomputed lookup and decoded lazily on first use
overrides/items/variants/minecraft/enchanted_book/soul_speed1.png	minecraft:enchanted_book	Vanilla CIT Enchanted Books.zip!assets/minecraft/textures/item/soul_speed1.png	B2F3ED2B752FAC6B3BDACDE62E78EA0E9C46A523C51A1FE993028D6559A95ECD	B2F3ED2B752FAC6B3BDACDE62E78EA0E9C46A523C51A1FE993028D6559A95ECD	copied unmodified; selected from captured item component by a precomputed lookup and decoded lazily on first use
overrides/items/variants/minecraft/enchanted_book/soul_speed2.png	minecraft:enchanted_book	Vanilla CIT Enchanted Books.zip!assets/minecraft/textures/item/soul_speed2.png	2999563395D3EF3804228FA07B0F648C8FFD49B28A9B1BF68BDC41E48CDFC5DC	2999563395D3EF3804228FA07B0F648C8FFD49B28A9B1BF68BDC41E48CDFC5DC	copied unmodified; selected from captured item component by a precomputed lookup and decoded lazily on first use
overrides/items/variants/minecraft/enchanted_book/soul_speed3.png	minecraft:enchanted_book	Vanilla CIT Enchanted Books.zip!assets/minecraft/textures/item/soul_speed3.png	849ECE2F91E7ACFD3369EFE8837019FEF4C73608367E15611AB793C7A0B6F48A	849ECE2F91E7ACFD3369EFE8837019FEF4C73608367E15611AB793C7A0B6F48A	copied unmodified; selected from captured item component by a precomputed lookup and decoded lazily on first use
overrides/items/variants/minecraft/enchanted_book/sweeping_edge1.png	minecraft:enchanted_book	Vanilla CIT Enchanted Books.zip!assets/minecraft/textures/item/sweeping_edge1.png	D4CFDAC39CB66365A5CE236AB8101D90BE1E1D7C052361FD493E18B3AD4AFF95	D4CFDAC39CB66365A5CE236AB8101D90BE1E1D7C052361FD493E18B3AD4AFF95	copied unmodified; selected from captured item component by a precomputed lookup and decoded lazily on first use
overrides/items/variants/minecraft/enchanted_book/sweeping_edge2.png	minecraft:enchanted_book	Vanilla CIT Enchanted Books.zip!assets/minecraft/textures/item/sweeping_edge2.png	B2F7C7ECBF47D5BAB826C7D36EB72DCFE9C4896FDC3BC47AC872F0AED717B00D	B2F7C7ECBF47D5BAB826C7D36EB72DCFE9C4896FDC3BC47AC872F0AED717B00D	copied unmodified; selected from captured item component by a precomputed lookup and decoded lazily on first use
overrides/items/variants/minecraft/enchanted_book/sweeping_edge3.png	minecraft:enchanted_book	Vanilla CIT Enchanted Books.zip!assets/minecraft/textures/item/sweeping_edge3.png	DA8F913EF3405E1D45E1310B9165C404B3516F231D1FD3D6B3B5F0561EF81A91	DA8F913EF3405E1D45E1310B9165C404B3516F231D1FD3D6B3B5F0561EF81A91	copied unmodified; selected from captured item component by a precomputed lookup and decoded lazily on first use
overrides/items/variants/minecraft/enchanted_book/swift_sneak1.png	minecraft:enchanted_book	Vanilla CIT Enchanted Books.zip!assets/minecraft/textures/item/swift_sneak1.png	F23972A9FD424B2218E4B913BFFCC1A9F3295DCD74A3D83A7015134D3E5EC4A9	F23972A9FD424B2218E4B913BFFCC1A9F3295DCD74A3D83A7015134D3E5EC4A9	copied unmodified; selected from captured item component by a precomputed lookup and decoded lazily on first use
overrides/items/variants/minecraft/enchanted_book/swift_sneak2.png	minecraft:enchanted_book	Vanilla CIT Enchanted Books.zip!assets/minecraft/textures/item/swift_sneak2.png	DD0DB1B270B55FAF47DF742764FB0D3280C764F0B92AC6B4C4C9B8419931BD6E	DD0DB1B270B55FAF47DF742764FB0D3280C764F0B92AC6B4C4C9B8419931BD6E	copied unmodified; selected from captured item component by a precomputed lookup and decoded lazily on first use
overrides/items/variants/minecraft/enchanted_book/swift_sneak3.png	minecraft:enchanted_book	Vanilla CIT Enchanted Books.zip!assets/minecraft/textures/item/swift_sneak3.png	A01D998B00E88BA2B66A0BAAE9670456156E662C5B8DCFEC87234241B0DED689	A01D998B00E88BA2B66A0BAAE9670456156E662C5B8DCFEC87234241B0DED689	copied unmodified; selected from captured item component by a precomputed lookup and decoded lazily on first use
overrides/items/variants/minecraft/enchanted_book/thorns1.png	minecraft:enchanted_book	Vanilla CIT Enchanted Books.zip!assets/minecraft/textures/item/thorns1.png	7E09285D301C0F65C23839DF66363E31E6060785430079E4CEB4253E87AC1F76	7E09285D301C0F65C23839DF66363E31E6060785430079E4CEB4253E87AC1F76	copied unmodified; selected from captured item component by a precomputed lookup and decoded lazily on first use
overrides/items/variants/minecraft/enchanted_book/thorns2.png	minecraft:enchanted_book	Vanilla CIT Enchanted Books.zip!assets/minecraft/textures/item/thorns2.png	DDF0572B46E3C25C9316E089F307E986BA9E270DA69B18D0D65D0673631F9416	DDF0572B46E3C25C9316E089F307E986BA9E270DA69B18D0D65D0673631F9416	copied unmodified; selected from captured item component by a precomputed lookup and decoded lazily on first use
overrides/items/variants/minecraft/enchanted_book/thorns3.png	minecraft:enchanted_book	Vanilla CIT Enchanted Books.zip!assets/minecraft/textures/item/thorns3.png	6E1AADF8164CB42BDA2F2D866390E70D1024C2A791CA963B6D6CE3570914D469	6E1AADF8164CB42BDA2F2D866390E70D1024C2A791CA963B6D6CE3570914D469	copied unmodified; selected from captured item component by a precomputed lookup and decoded lazily on first use
overrides/items/variants/minecraft/enchanted_book/unbreaking1.png	minecraft:enchanted_book	Vanilla CIT Enchanted Books.zip!assets/minecraft/textures/item/unbreaking1.png	1C8E0336E0F815D8F206D348CCB88D61E93D46A94DD3740B589105059702B876	1C8E0336E0F815D8F206D348CCB88D61E93D46A94DD3740B589105059702B876	copied unmodified; selected from captured item component by a precomputed lookup and decoded lazily on first use
overrides/items/variants/minecraft/enchanted_book/unbreaking2.png	minecraft:enchanted_book	Vanilla CIT Enchanted Books.zip!assets/minecraft/textures/item/unbreaking2.png	E90A9A805D386A2FACF05499624A903FA397C304831556AE8470A842064ED2E3	E90A9A805D386A2FACF05499624A903FA397C304831556AE8470A842064ED2E3	copied unmodified; selected from captured item component by a precomputed lookup and decoded lazily on first use
overrides/items/variants/minecraft/enchanted_book/unbreaking3.png	minecraft:enchanted_book	Vanilla CIT Enchanted Books.zip!assets/minecraft/textures/item/unbreaking3.png	51F7E9473BD655A58645CDB1D2492C423EAF8E9C8CBAB8EAE021936D2061ECC7	51F7E9473BD655A58645CDB1D2492C423EAF8E9C8CBAB8EAE021936D2061ECC7	copied unmodified; selected from captured item component by a precomputed lookup and decoded lazily on first use
overrides/items/variants/minecraft/enchanted_book/wind_burst1.png	minecraft:enchanted_book	Vanilla CIT Enchanted Books.zip!assets/minecraft/textures/item/wind_burst1.png	249EF088B2323251A4573A3A40BEFED55F5B02B0BA99F339CB06531E192340C4	249EF088B2323251A4573A3A40BEFED55F5B02B0BA99F339CB06531E192340C4	copied unmodified; selected from captured item component by a precomputed lookup and decoded lazily on first use
overrides/items/variants/minecraft/enchanted_book/wind_burst2.png	minecraft:enchanted_book	Vanilla CIT Enchanted Books.zip!assets/minecraft/textures/item/wind_burst2.png	43C21BF4EFE02206C45A9151218A8556132C912EAB31534F179E92012F5635E2	43C21BF4EFE02206C45A9151218A8556132C912EAB31534F179E92012F5635E2	copied unmodified; selected from captured item component by a precomputed lookup and decoded lazily on first use
overrides/items/variants/minecraft/enchanted_book/wind_burst3.png	minecraft:enchanted_book	Vanilla CIT Enchanted Books.zip!assets/minecraft/textures/item/wind_burst3.png	F517130F6BD3AC338840A8E6F30A1FAB932BABD487CC9C4B9422A9DC1307DB58	F517130F6BD3AC338840A8E6F30A1FAB932BABD487CC9C4B9422A9DC1307DB58	copied unmodified; selected from captured item component by a precomputed lookup and decoded lazily on first use
overrides/items/variants/minecraft/suspicious_stew/suspicious_stew_blindness.png	minecraft:suspicious_stew	Unsuspicious Stew Faithful 32x.zip!assets/minecraft/textures/item/suspicious_stew_blindness.png	13B88A776E68ED13E76F344E94D039B1B1226A7447B9BED45456744933D16317	13B88A776E68ED13E76F344E94D039B1B1226A7447B9BED45456744933D16317	copied unmodified; selected from captured item component by a precomputed lookup and decoded lazily on first use
overrides/items/variants/minecraft/suspicious_stew/suspicious_stew_fire_resistance.png	minecraft:suspicious_stew	Unsuspicious Stew Faithful 32x.zip!assets/minecraft/textures/item/suspicious_stew_fire_resistance.png	420BB98CCB7BDDBD2DCCE25BA2458594911E96E32EA908B03208A9C1095C1D19	420BB98CCB7BDDBD2DCCE25BA2458594911E96E32EA908B03208A9C1095C1D19	copied unmodified; selected from captured item component by a precomputed lookup and decoded lazily on first use
overrides/items/variants/minecraft/suspicious_stew/suspicious_stew_jump_boost.png	minecraft:suspicious_stew	Unsuspicious Stew Faithful 32x.zip!assets/minecraft/textures/item/suspicious_stew_jump_boost.png	4095C3BDE49DEB9611B9F20DE71DCF741F59C6700BDC00BF3951241480542960	4095C3BDE49DEB9611B9F20DE71DCF741F59C6700BDC00BF3951241480542960	copied unmodified; selected from captured item component by a precomputed lookup and decoded lazily on first use
overrides/items/variants/minecraft/suspicious_stew/suspicious_stew_nausea.png	minecraft:suspicious_stew	Unsuspicious Stew Faithful 32x.zip!assets/minecraft/textures/item/suspicious_stew_nausea.png	64FFBA1BF11F87F7C634691CD546B03B980576AC80C972291FF3D4F59B833DCA	64FFBA1BF11F87F7C634691CD546B03B980576AC80C972291FF3D4F59B833DCA	copied unmodified; selected from captured item component by a precomputed lookup and decoded lazily on first use
overrides/items/variants/minecraft/suspicious_stew/suspicious_stew_night_vision.png	minecraft:suspicious_stew	Unsuspicious Stew Faithful 32x.zip!assets/minecraft/textures/item/suspicious_stew_night_vision.png	5DEDCC7D215F6AD72FAA9441C9E60890C644535311F3C496E595C7947AE2B1A5	5DEDCC7D215F6AD72FAA9441C9E60890C644535311F3C496E595C7947AE2B1A5	copied unmodified; selected from captured item component by a precomputed lookup and decoded lazily on first use
overrides/items/variants/minecraft/suspicious_stew/suspicious_stew_poison.png	minecraft:suspicious_stew	Unsuspicious Stew Faithful 32x.zip!assets/minecraft/textures/item/suspicious_stew_poison.png	EB637D184B356EDC642E784B61C205CE54E15BC31317556224D337F7A7550657	EB637D184B356EDC642E784B61C205CE54E15BC31317556224D337F7A7550657	copied unmodified; selected from captured item component by a precomputed lookup and decoded lazily on first use
overrides/items/variants/minecraft/suspicious_stew/suspicious_stew_regeneration.png	minecraft:suspicious_stew	Unsuspicious Stew Faithful 32x.zip!assets/minecraft/textures/item/suspicious_stew_regeneration.png	C3A89EFE70C1B49D357B5A40F948F4DED24801DC90D201E7780862AB22BBEDE2	C3A89EFE70C1B49D357B5A40F948F4DED24801DC90D201E7780862AB22BBEDE2	copied unmodified; selected from captured item component by a precomputed lookup and decoded lazily on first use
overrides/items/variants/minecraft/suspicious_stew/suspicious_stew_saturation.png	minecraft:suspicious_stew	Unsuspicious Stew Faithful 32x.zip!assets/minecraft/textures/item/suspicious_stew_saturation.png	EF3D149507B146CED06B05A667B5C68BDD81B4BC51587683B1F3E5B716363E9F	EF3D149507B146CED06B05A667B5C68BDD81B4BC51587683B1F3E5B716363E9F	copied unmodified; selected from captured item component by a precomputed lookup and decoded lazily on first use
overrides/items/variants/minecraft/suspicious_stew/suspicious_stew_weakness.png	minecraft:suspicious_stew	Unsuspicious Stew Faithful 32x.zip!assets/minecraft/textures/item/suspicious_stew_weakness.png	80AA5A2914DE2F853D0B1B66F982216DED35DC346E8CE8AA3DEDE81B24FD310D	80AA5A2914DE2F853D0B1B66F982216DED35DC346E8CE8AA3DEDE81B24FD310D	copied unmodified; selected from captured item component by a precomputed lookup and decoded lazily on first use
overrides/items/variants/minecraft/suspicious_stew/suspicious_stew_wither.png	minecraft:suspicious_stew	Unsuspicious Stew Faithful 32x.zip!assets/minecraft/textures/item/suspicious_stew_wither.png	3819D6E49BF98D91B6A02AD31E0D13FD46F87B389979B1BF5A2F8A0AC430BBBF	3819D6E49BF98D91B6A02AD31E0D13FD46F87B389979B1BF5A2F8A0AC430BBBF	copied unmodified; selected from captured item component by a precomputed lookup and decoded lazily on first use
special-variants/minecraft/conduit.png	minecraft:conduit	26.1.2-client.jar!assets/minecraft/textures/entity/conduit/base.png	52C0370563E72AE9251C3EE28C9A4A02EA193DD961F54F68DE13475BDCBB3FE6	AC866F3CFF765D18DB6CEA7A24FB7AD681997597DF6B046DA6EE6581FF76AAFC	offline 64x64 render of the vanilla conduit inventory shell; runtime lazy-decodes the finished PNG
special-variants/minecraft/copper_golem_statue.png	minecraft:copper_golem_statue	26.1.2-client.jar!assets/minecraft/textures/entity/copper_golem/copper_golem.png	DE5BB040956A9BDD3BBAB2E0DC2ABC4834DC6E10B3985F942B9A8E702994FD16	BECBF3CAF6DE9466B5492C7FAB3C80D70D0DCA865C9AB66EC1C002733ABA591C	offline 64x64 standing-pose render; runtime lazy-decodes the finished PNG
special-variants/minecraft/copper_golem_statue/running.png	minecraft:copper_golem_statue	26.1.2-client.jar!assets/minecraft/textures/entity/copper_golem/copper_golem.png	DE5BB040956A9BDD3BBAB2E0DC2ABC4834DC6E10B3985F942B9A8E702994FD16	44A8B3A70DDC5235BE55ABEBE0CA7798A159D9C6EAD625A8FA60CAA2F1D6741F	offline 64x64 running-pose render selected from captured block-state data; no runtime model baking
special-variants/minecraft/copper_golem_statue/sitting.png	minecraft:copper_golem_statue	26.1.2-client.jar!assets/minecraft/textures/entity/copper_golem/copper_golem.png	DE5BB040956A9BDD3BBAB2E0DC2ABC4834DC6E10B3985F942B9A8E702994FD16	CB856E10751B54D0DC1599FEFE0C04B0E17A24CAC5EE2C18AC367CF3264EC294	offline 64x64 sitting-pose render selected from captured block-state data; no runtime model baking
special-variants/minecraft/copper_golem_statue/standing.png	minecraft:copper_golem_statue	26.1.2-client.jar!assets/minecraft/textures/entity/copper_golem/copper_golem.png	DE5BB040956A9BDD3BBAB2E0DC2ABC4834DC6E10B3985F942B9A8E702994FD16	BECBF3CAF6DE9466B5492C7FAB3C80D70D0DCA865C9AB66EC1C002733ABA591C	offline 64x64 standing-pose render selected from captured block-state data; no runtime model baking
special-variants/minecraft/copper_golem_statue/star.png	minecraft:copper_golem_statue	26.1.2-client.jar!assets/minecraft/textures/entity/copper_golem/copper_golem.png	DE5BB040956A9BDD3BBAB2E0DC2ABC4834DC6E10B3985F942B9A8E702994FD16	43858B7C290DA5D140662F7E361FA57E15CE6557941A6C888820E2A8AE447858	offline 64x64 star-pose render selected from captured block-state data; no runtime model baking
special-variants/minecraft/exposed_copper_golem_statue.png	minecraft:exposed_copper_golem_statue	26.1.2-client.jar!assets/minecraft/textures/entity/copper_golem/copper_golem_exposed.png	1C140A110FDBF973E9057883D0AD5EB700C2E9690D842BD804852F9036087337	96F84814B363A6981D41952A60B014B463CD8D90E1DC53012F7A9EE79E3611EE	offline 64x64 standing-pose render; runtime lazy-decodes the finished PNG
special-variants/minecraft/exposed_copper_golem_statue/running.png	minecraft:exposed_copper_golem_statue	26.1.2-client.jar!assets/minecraft/textures/entity/copper_golem/copper_golem_exposed.png	1C140A110FDBF973E9057883D0AD5EB700C2E9690D842BD804852F9036087337	D161283218EC9568AC03D4CA8B624EA7FDC3BC542E0C60051DDE1C069A66ED32	offline 64x64 running-pose render selected from captured block-state data; no runtime model baking
special-variants/minecraft/exposed_copper_golem_statue/sitting.png	minecraft:exposed_copper_golem_statue	26.1.2-client.jar!assets/minecraft/textures/entity/copper_golem/copper_golem_exposed.png	1C140A110FDBF973E9057883D0AD5EB700C2E9690D842BD804852F9036087337	42F5BB75F04C6D139632A780A41FA8843D57F9909B6E8BF277287097089F645C	offline 64x64 sitting-pose render selected from captured block-state data; no runtime model baking
special-variants/minecraft/exposed_copper_golem_statue/standing.png	minecraft:exposed_copper_golem_statue	26.1.2-client.jar!assets/minecraft/textures/entity/copper_golem/copper_golem_exposed.png	1C140A110FDBF973E9057883D0AD5EB700C2E9690D842BD804852F9036087337	96F84814B363A6981D41952A60B014B463CD8D90E1DC53012F7A9EE79E3611EE	offline 64x64 standing-pose render selected from captured block-state data; no runtime model baking
special-variants/minecraft/exposed_copper_golem_statue/star.png	minecraft:exposed_copper_golem_statue	26.1.2-client.jar!assets/minecraft/textures/entity/copper_golem/copper_golem_exposed.png	1C140A110FDBF973E9057883D0AD5EB700C2E9690D842BD804852F9036087337	02CCC6CE75F89663FB8A13413BE2D14278AADEC3D6DE6BF475CFA1547B4C7E73	offline 64x64 star-pose render selected from captured block-state data; no runtime model baking
special-variants/minecraft/oxidized_copper_golem_statue.png	minecraft:oxidized_copper_golem_statue	26.1.2-client.jar!assets/minecraft/textures/entity/copper_golem/copper_golem_oxidized.png	0512A6D2CDE219CF486AD84069886BF3FF0A52A37F9270E9DDD32198791484C6	600BCCA4BCB8AB2651A5B35EA27ADB60EEB585C2338CA0E43C44BC4C3F1BCCD6	offline 64x64 standing-pose render; runtime lazy-decodes the finished PNG
special-variants/minecraft/oxidized_copper_golem_statue/running.png	minecraft:oxidized_copper_golem_statue	26.1.2-client.jar!assets/minecraft/textures/entity/copper_golem/copper_golem_oxidized.png	0512A6D2CDE219CF486AD84069886BF3FF0A52A37F9270E9DDD32198791484C6	27F3E3E0943AAFB89D870DEBFE65F6DF44D907A77ACC9C7E80933F7AEF0570A6	offline 64x64 running-pose render selected from captured block-state data; no runtime model baking
special-variants/minecraft/oxidized_copper_golem_statue/sitting.png	minecraft:oxidized_copper_golem_statue	26.1.2-client.jar!assets/minecraft/textures/entity/copper_golem/copper_golem_oxidized.png	0512A6D2CDE219CF486AD84069886BF3FF0A52A37F9270E9DDD32198791484C6	41CE0B1204B757A7504D5AA5096E8467ACCF8E468C22DA09998E76FCC88E8737	offline 64x64 sitting-pose render selected from captured block-state data; no runtime model baking
special-variants/minecraft/oxidized_copper_golem_statue/standing.png	minecraft:oxidized_copper_golem_statue	26.1.2-client.jar!assets/minecraft/textures/entity/copper_golem/copper_golem_oxidized.png	0512A6D2CDE219CF486AD84069886BF3FF0A52A37F9270E9DDD32198791484C6	600BCCA4BCB8AB2651A5B35EA27ADB60EEB585C2338CA0E43C44BC4C3F1BCCD6	offline 64x64 standing-pose render selected from captured block-state data; no runtime model baking
special-variants/minecraft/oxidized_copper_golem_statue/star.png	minecraft:oxidized_copper_golem_statue	26.1.2-client.jar!assets/minecraft/textures/entity/copper_golem/copper_golem_oxidized.png	0512A6D2CDE219CF486AD84069886BF3FF0A52A37F9270E9DDD32198791484C6	684B74B4CB58E62B431979A8CD29C12891DD2330DA93C9C0DB37860BA30C58D2	offline 64x64 star-pose render selected from captured block-state data; no runtime model baking
special-variants/minecraft/waxed_copper_golem_statue.png	minecraft:waxed_copper_golem_statue	26.1.2-client.jar!assets/minecraft/textures/entity/copper_golem/copper_golem.png	DE5BB040956A9BDD3BBAB2E0DC2ABC4834DC6E10B3985F942B9A8E702994FD16	BECBF3CAF6DE9466B5492C7FAB3C80D70D0DCA865C9AB66EC1C002733ABA591C	offline 64x64 standing-pose render; runtime lazy-decodes the finished PNG
special-variants/minecraft/waxed_copper_golem_statue/running.png	minecraft:waxed_copper_golem_statue	26.1.2-client.jar!assets/minecraft/textures/entity/copper_golem/copper_golem.png	DE5BB040956A9BDD3BBAB2E0DC2ABC4834DC6E10B3985F942B9A8E702994FD16	44A8B3A70DDC5235BE55ABEBE0CA7798A159D9C6EAD625A8FA60CAA2F1D6741F	offline 64x64 running-pose render selected from captured block-state data; no runtime model baking
special-variants/minecraft/waxed_copper_golem_statue/sitting.png	minecraft:waxed_copper_golem_statue	26.1.2-client.jar!assets/minecraft/textures/entity/copper_golem/copper_golem.png	DE5BB040956A9BDD3BBAB2E0DC2ABC4834DC6E10B3985F942B9A8E702994FD16	CB856E10751B54D0DC1599FEFE0C04B0E17A24CAC5EE2C18AC367CF3264EC294	offline 64x64 sitting-pose render selected from captured block-state data; no runtime model baking
special-variants/minecraft/waxed_copper_golem_statue/standing.png	minecraft:waxed_copper_golem_statue	26.1.2-client.jar!assets/minecraft/textures/entity/copper_golem/copper_golem.png	DE5BB040956A9BDD3BBAB2E0DC2ABC4834DC6E10B3985F942B9A8E702994FD16	BECBF3CAF6DE9466B5492C7FAB3C80D70D0DCA865C9AB66EC1C002733ABA591C	offline 64x64 standing-pose render selected from captured block-state data; no runtime model baking
special-variants/minecraft/waxed_copper_golem_statue/star.png	minecraft:waxed_copper_golem_statue	26.1.2-client.jar!assets/minecraft/textures/entity/copper_golem/copper_golem.png	DE5BB040956A9BDD3BBAB2E0DC2ABC4834DC6E10B3985F942B9A8E702994FD16	43858B7C290DA5D140662F7E361FA57E15CE6557941A6C888820E2A8AE447858	offline 64x64 star-pose render selected from captured block-state data; no runtime model baking
special-variants/minecraft/waxed_exposed_copper_golem_statue.png	minecraft:waxed_exposed_copper_golem_statue	26.1.2-client.jar!assets/minecraft/textures/entity/copper_golem/copper_golem_exposed.png	1C140A110FDBF973E9057883D0AD5EB700C2E9690D842BD804852F9036087337	96F84814B363A6981D41952A60B014B463CD8D90E1DC53012F7A9EE79E3611EE	offline 64x64 standing-pose render; runtime lazy-decodes the finished PNG
special-variants/minecraft/waxed_exposed_copper_golem_statue/running.png	minecraft:waxed_exposed_copper_golem_statue	26.1.2-client.jar!assets/minecraft/textures/entity/copper_golem/copper_golem_exposed.png	1C140A110FDBF973E9057883D0AD5EB700C2E9690D842BD804852F9036087337	D161283218EC9568AC03D4CA8B624EA7FDC3BC542E0C60051DDE1C069A66ED32	offline 64x64 running-pose render selected from captured block-state data; no runtime model baking
special-variants/minecraft/waxed_exposed_copper_golem_statue/sitting.png	minecraft:waxed_exposed_copper_golem_statue	26.1.2-client.jar!assets/minecraft/textures/entity/copper_golem/copper_golem_exposed.png	1C140A110FDBF973E9057883D0AD5EB700C2E9690D842BD804852F9036087337	42F5BB75F04C6D139632A780A41FA8843D57F9909B6E8BF277287097089F645C	offline 64x64 sitting-pose render selected from captured block-state data; no runtime model baking
special-variants/minecraft/waxed_exposed_copper_golem_statue/standing.png	minecraft:waxed_exposed_copper_golem_statue	26.1.2-client.jar!assets/minecraft/textures/entity/copper_golem/copper_golem_exposed.png	1C140A110FDBF973E9057883D0AD5EB700C2E9690D842BD804852F9036087337	96F84814B363A6981D41952A60B014B463CD8D90E1DC53012F7A9EE79E3611EE	offline 64x64 standing-pose render selected from captured block-state data; no runtime model baking
special-variants/minecraft/waxed_exposed_copper_golem_statue/star.png	minecraft:waxed_exposed_copper_golem_statue	26.1.2-client.jar!assets/minecraft/textures/entity/copper_golem/copper_golem_exposed.png	1C140A110FDBF973E9057883D0AD5EB700C2E9690D842BD804852F9036087337	02CCC6CE75F89663FB8A13413BE2D14278AADEC3D6DE6BF475CFA1547B4C7E73	offline 64x64 star-pose render selected from captured block-state data; no runtime model baking
special-variants/minecraft/waxed_oxidized_copper_golem_statue.png	minecraft:waxed_oxidized_copper_golem_statue	26.1.2-client.jar!assets/minecraft/textures/entity/copper_golem/copper_golem_oxidized.png	0512A6D2CDE219CF486AD84069886BF3FF0A52A37F9270E9DDD32198791484C6	600BCCA4BCB8AB2651A5B35EA27ADB60EEB585C2338CA0E43C44BC4C3F1BCCD6	offline 64x64 standing-pose render; runtime lazy-decodes the finished PNG
special-variants/minecraft/waxed_oxidized_copper_golem_statue/running.png	minecraft:waxed_oxidized_copper_golem_statue	26.1.2-client.jar!assets/minecraft/textures/entity/copper_golem/copper_golem_oxidized.png	0512A6D2CDE219CF486AD84069886BF3FF0A52A37F9270E9DDD32198791484C6	27F3E3E0943AAFB89D870DEBFE65F6DF44D907A77ACC9C7E80933F7AEF0570A6	offline 64x64 running-pose render selected from captured block-state data; no runtime model baking
special-variants/minecraft/waxed_oxidized_copper_golem_statue/sitting.png	minecraft:waxed_oxidized_copper_golem_statue	26.1.2-client.jar!assets/minecraft/textures/entity/copper_golem/copper_golem_oxidized.png	0512A6D2CDE219CF486AD84069886BF3FF0A52A37F9270E9DDD32198791484C6	41CE0B1204B757A7504D5AA5096E8467ACCF8E468C22DA09998E76FCC88E8737	offline 64x64 sitting-pose render selected from captured block-state data; no runtime model baking
special-variants/minecraft/waxed_oxidized_copper_golem_statue/standing.png	minecraft:waxed_oxidized_copper_golem_statue	26.1.2-client.jar!assets/minecraft/textures/entity/copper_golem/copper_golem_oxidized.png	0512A6D2CDE219CF486AD84069886BF3FF0A52A37F9270E9DDD32198791484C6	600BCCA4BCB8AB2651A5B35EA27ADB60EEB585C2338CA0E43C44BC4C3F1BCCD6	offline 64x64 standing-pose render selected from captured block-state data; no runtime model baking
special-variants/minecraft/waxed_oxidized_copper_golem_statue/star.png	minecraft:waxed_oxidized_copper_golem_statue	26.1.2-client.jar!assets/minecraft/textures/entity/copper_golem/copper_golem_oxidized.png	0512A6D2CDE219CF486AD84069886BF3FF0A52A37F9270E9DDD32198791484C6	684B74B4CB58E62B431979A8CD29C12891DD2330DA93C9C0DB37860BA30C58D2	offline 64x64 star-pose render selected from captured block-state data; no runtime model baking
special-variants/minecraft/waxed_weathered_copper_golem_statue.png	minecraft:waxed_weathered_copper_golem_statue	26.1.2-client.jar!assets/minecraft/textures/entity/copper_golem/copper_golem_weathered.png	B1A0AF1968D91A554E27E1BF88138D226867D23AA1730C0D9CC8D6264B1035AE	DB731CD34496469BB6DEB9904CBF79847080C29E2065BC4001A6C578447733A5	offline 64x64 standing-pose render; runtime lazy-decodes the finished PNG
special-variants/minecraft/waxed_weathered_copper_golem_statue/running.png	minecraft:waxed_weathered_copper_golem_statue	26.1.2-client.jar!assets/minecraft/textures/entity/copper_golem/copper_golem_weathered.png	B1A0AF1968D91A554E27E1BF88138D226867D23AA1730C0D9CC8D6264B1035AE	74DC7D9E8A83C07E0DA727148DFA6B9EAEE6EE2A55572F3B2B968BBD5BF2E84C	offline 64x64 running-pose render selected from captured block-state data; no runtime model baking
special-variants/minecraft/waxed_weathered_copper_golem_statue/sitting.png	minecraft:waxed_weathered_copper_golem_statue	26.1.2-client.jar!assets/minecraft/textures/entity/copper_golem/copper_golem_weathered.png	B1A0AF1968D91A554E27E1BF88138D226867D23AA1730C0D9CC8D6264B1035AE	1D76C19B929E09BCEFBF7E7D833E9C73752BB7E3CB2726B4E8FF9A6CFC0F7BA5	offline 64x64 sitting-pose render selected from captured block-state data; no runtime model baking
special-variants/minecraft/waxed_weathered_copper_golem_statue/standing.png	minecraft:waxed_weathered_copper_golem_statue	26.1.2-client.jar!assets/minecraft/textures/entity/copper_golem/copper_golem_weathered.png	B1A0AF1968D91A554E27E1BF88138D226867D23AA1730C0D9CC8D6264B1035AE	DB731CD34496469BB6DEB9904CBF79847080C29E2065BC4001A6C578447733A5	offline 64x64 standing-pose render selected from captured block-state data; no runtime model baking
special-variants/minecraft/waxed_weathered_copper_golem_statue/star.png	minecraft:waxed_weathered_copper_golem_statue	26.1.2-client.jar!assets/minecraft/textures/entity/copper_golem/copper_golem_weathered.png	B1A0AF1968D91A554E27E1BF88138D226867D23AA1730C0D9CC8D6264B1035AE	8290A63CFCF6CAF7A6B43D702CA8EE3F8A9D52847B08E82148EC229B410DB0D2	offline 64x64 star-pose render selected from captured block-state data; no runtime model baking
special-variants/minecraft/weathered_copper_golem_statue.png	minecraft:weathered_copper_golem_statue	26.1.2-client.jar!assets/minecraft/textures/entity/copper_golem/copper_golem_weathered.png	B1A0AF1968D91A554E27E1BF88138D226867D23AA1730C0D9CC8D6264B1035AE	DB731CD34496469BB6DEB9904CBF79847080C29E2065BC4001A6C578447733A5	offline 64x64 standing-pose render; runtime lazy-decodes the finished PNG
special-variants/minecraft/weathered_copper_golem_statue/running.png	minecraft:weathered_copper_golem_statue	26.1.2-client.jar!assets/minecraft/textures/entity/copper_golem/copper_golem_weathered.png	B1A0AF1968D91A554E27E1BF88138D226867D23AA1730C0D9CC8D6264B1035AE	74DC7D9E8A83C07E0DA727148DFA6B9EAEE6EE2A55572F3B2B968BBD5BF2E84C	offline 64x64 running-pose render selected from captured block-state data; no runtime model baking
special-variants/minecraft/weathered_copper_golem_statue/sitting.png	minecraft:weathered_copper_golem_statue	26.1.2-client.jar!assets/minecraft/textures/entity/copper_golem/copper_golem_weathered.png	B1A0AF1968D91A554E27E1BF88138D226867D23AA1730C0D9CC8D6264B1035AE	1D76C19B929E09BCEFBF7E7D833E9C73752BB7E3CB2726B4E8FF9A6CFC0F7BA5	offline 64x64 sitting-pose render selected from captured block-state data; no runtime model baking
special-variants/minecraft/weathered_copper_golem_statue/standing.png	minecraft:weathered_copper_golem_statue	26.1.2-client.jar!assets/minecraft/textures/entity/copper_golem/copper_golem_weathered.png	B1A0AF1968D91A554E27E1BF88138D226867D23AA1730C0D9CC8D6264B1035AE	DB731CD34496469BB6DEB9904CBF79847080C29E2065BC4001A6C578447733A5	offline 64x64 standing-pose render selected from captured block-state data; no runtime model baking
special-variants/minecraft/weathered_copper_golem_statue/star.png	minecraft:weathered_copper_golem_statue	26.1.2-client.jar!assets/minecraft/textures/entity/copper_golem/copper_golem_weathered.png	B1A0AF1968D91A554E27E1BF88138D226867D23AA1730C0D9CC8D6264B1035AE	8290A63CFCF6CAF7A6B43D702CA8EE3F8A9D52847B08E82148EC229B410DB0D2	offline 64x64 star-pose render selected from captured block-state data; no runtime model baking
